# READER	CHAPTER	BOOK
14	208	121
14	212	121
16	122827	47
16	122828	47
17	362	84
17	363	84
19	198	121
19	227	121
20	205	121
20	5360	3322
22	121140	1941
22	121148	1941
23	124439	345
25	123319	1080
25	88353	13029
26	495	376
26	496	376
27	123349	1468
27	124992	8318
28	12332	30970
29	123027	271
29	123032	271
29	126858	501
29	130413	18362
29	130626	308
30	4445	158
30	4447	158
31	121969	6054
31	121970	6054
31	121971	6054
31	121972	6054
32	21625	6754
32	21631	6754
32	21634	6754
32	4137	2046
36	16602	222
36	16603	222
37	214	121
37	215	121
37	225	121
38	121024	1184
39	121914	158
39	121915	158
39	121916	158
40	121026	1184
40	222	121
44	201	121
44	207	121
45	121050	1184
46	127996	1468
46	128001	1468
47	122796	1597
49	121052	1184
51	121055	1184
52	121057	1184
52	123202	51
54	121079	1184
54	121080	1184
55	121068	1184
55	121069	1184
56	1730	1399
56	1731	1399
56	1732	1399
56	1733	1399
57	121074	1184
57	121742	9301
58	121075	1184
58	121081	1184
60	121082	1184
61	70968	28700
61	70970	28700
62	121084	1184
64	73712	19771
64	76973	20087
64	76974	20087
65	121089	1184
65	122444	1257
65	125860	500
66	354	84
66	355	84
70	121127	1184
70	121130	1184
75	853	3429
75	854	3429
77	121518	1727
77	121526	1727
78	368	84
78	369	84
79	121541	1004
81	121543	1004
82	121544	1004
82	122859	45
83	11691	27771
83	3054	3154
83	9960	135
84	121123	1184
84	121550	1004
85	121551	1004
87	121553	1004
89	218	121
89	219	121
90	121085	1184
90	130566	11938
91	123498	62
91	123511	62
91	123521	62
91	123526	62
92	204	121
92	6488	6801
93	123172	9101
93	124557	24055
93	124558	24055
93	126208	153
93	126209	153
94	3791	1938
94	3792	1938
94	3793	1938
94	3794	1938
94	3795	1938
98	121658	5312
98	199	121
100	121669	5312
100	121674	5312
100	122655	1260
101	126859	501
101	126860	501
101	126861	501
102	129232	2944
103	1240	45
103	1241	45
104	123365	1468
104	129578	159
104	132091	8994
104	132092	8994
107	22885	93
107	22887	93
110	1	1023
110	2	1023
111	126265	12415
111	126277	12415
111	129000	17188
112	121671	5312
112	121727	1989
112	123215	51
112	123216	51
114	129317	730
114	129324	730
115	121720	1989
115	121896	14328
115	122944	4363
116	288045	6107
116	288046	6107
116	288047	6107
116	288048	6107
118	121721	1989
118	124588	6917
118	47824	10869
119	121722	1989
119	129513	83
119	129514	83
119	129515	83
121	121726	1989
121	123852	1041
121	123859	1041
121	127105	209
122	121729	1989
122	121730	1989
122	121734	1989
122	129752	18435
123	25081	1862
123	25083	1862
123	25084	1862
123	25085	1862
123	26848	15705
123	5042	12544
125	121124	1184
125	121342	805
126	122467	1257
126	125084	4077
127	129385	972
127	129390	972
128	121911	14328
128	134883	4524
128	134884	4524
133	142924	3074
133	143240	21301
147	125737	2383
147	125761	2383
149	125750	2383
149	125760	2383
150	126107	697
150	126112	697
150	132655	19942
151	125753	2383
152	132799	2439
152	183930	708
152	87733	34181
153	126651	122
153	126652	122
153	126671	122
154	123998	6763
154	124002	6763
154	124003	6763
154	293987	5921
157	121899	14328
157	121907	14328
157	126796	9845
159	121891	14328
159	121902	14328
159	135897	5664
161	121743	9301
161	121897	14328
161	121898	14328
163	121908	14328
163	122947	4363
166	122789	210
166	126302	2591
166	352	84
167	15255	1688
167	68704	12027
168	123450	11
168	129245	16362
168	129246	16362
173	200	121
174	168635	135
174	50561	2032
174	84280	30340
175	123036	271
175	127696	7091
175	129587	159
176	122025	289
176	123269	3748
176	123270	3748
176	123271	3748
177	122839	47
177	123525	62
177	55218	362
188	135249	544
188	136483	1450
188	141613	6100
192	123167	9101
192	128344	98
192	128345	98
196	122150	5658
196	122152	5658
196	122159	5658
198	126831	5342
198	129977	161
198	209	121
199	131001	1404
200	124139	1342
200	124140	1342
200	126784	9845
201	122255	964
201	127786	5921
202	122857	45
202	129387	972
202	130622	308
203	126577	2776
203	132069	3707
203	132073	3707
204	148920	764
204	162375	421
204	287139	120
205	123882	3533
205	157088	11867
205	159056	8728
207	122801	1597
207	131203	225
207	143321	499
208	124554	24055
208	126600	13035
208	126851	501
208	128036	1593
209	157830	105
209	4731	158
209	4733	158
210	129396	972
211	122425	1257
211	122442	1257
215	122798	1597
215	127369	12
216	122441	1257
216	122451	1257
217	122443	1257
218	131205	225
218	131206	225
224	128660	18992
224	129790	1965
224	133227	20190
225	131256	541
225	131259	541
225	131276	541
226	122538	3659
226	131532	969
226	131533	969
227	126539	141
227	129974	161
228	121761	9301
228	131212	225
228	133094	136
229	130880	2488
231	119253	43249
231	127936	10373
233	134440	416
233	155990	3335
237	126133	2770
237	134493	24
237	134500	24
238	122530	3659
240	144999	13249
240	160592	2678
240	160593	2678
242	122625	1260
242	122626	1260
242	122627	1260
242	126842	5342
243	11266	2686
243	11595	19499
243	12956	14255
243	160870	19993
243	162846	18442
245	122647	1260
245	122648	1260
246	122825	47
246	224	121
248	130644	7469
248	130652	7469
248	130697	7469
249	121331	805
250	140277	15082
250	142276	4276
250	142286	4276
251	118436	42259
251	136532	19445
251	137823	17985
252	128411	5788
252	132011	2600
252	140215	11138
252	29350	2600
253	124400	59
253	126864	501
253	126865	501
254	12312	8166
254	127705	7091
254	145458	3688
254	27760	13437
255	121534	1727
255	121535	1727
258	121528	1727
258	130878	2488
260	123286	3748
260	123288	3748
260	123440	11
263	121285	1930
263	121311	1930
264	121332	805
265	122594	940
265	136853	8918
272	130225	1892
272	130226	1892
272	130227	1892
272	130229	1892
273	123248	1
273	129288	730
274	121382	1259
274	121392	1259
274	121398	1259
277	122805	1597
277	127368	12
278	127215	619
283	130638	308
288	121741	9301
288	130994	1404
288	131218	225
288	131220	225
289	121652	5312
289	121665	5312
294	129973	161
294	130872	2488
296	129659	4280
296	141721	18972
296	142727	21077
298	126790	9845
298	126791	9845
302	123504	62
302	123516	62
302	123523	62
303	123500	62
303	123506	62
303	123507	62
307	127535	120
307	127539	120
307	127540	120
310	129055	599
311	124404	59
313	122804	1597
313	127992	1468
313	127997	1468
313	128021	1468
317	127219	619
317	130243	155
317	130248	155
318	124164	1342
318	124224	6753
319	134959	503
322	124146	1342
322	124147	1342
323	126408	778
328	129766	370
329	861	3429
329	862	3429
331	132019	2600
331	135126	10708
331	884	2775
332	128985	17188
335	125941	54
335	125943	54
335	125945	54
335	125951	54
336	125871	500
336	125874	500
336	125876	500
337	123025	271
337	123033	271
337	126286	2591
339	132717	32
339	132718	32
340	124368	2657
345	1119	1342
345	1120	1342
345	1129	1342
348	128030	1468
348	132611	2439
348	132751	2439
353	128309	98
359	128761	2166
359	133630	711
362	123013	271
362	123047	271
362	123048	271
362	123049	271
365	126320	2591
365	126328	2591
365	84333	35710
365	84340	35710
366	126663	122
366	127793	5921
366	129285	730
367	130732	9464
367	293981	5921
369	125882	500
369	125883	500
373	130974	1404
373	130975	1404
373	130977	1404
374	180298	1608
374	180299	1608
377	129290	730
377	129292	730
380	129064	599
380	129066	599
392	131210	225
392	289427	8492
398	123602	367
398	130093	73
402	125880	500
402	126843	5342
402	130001	161
403	126855	501
403	128339	98
403	216	121
404	132013	2600
404	132014	2600
404	132015	2600
405	130894	2488
405	130895	2488
408	122806	1597
409	124990	34901
412	126975	204
413	12292	8166
413	22436	15469
413	22437	15469
421	124401	59
421	128336	98
422	122949	4363
426	122819	47
426	122821	47
426	122822	47
428	125877	500
428	125878	500
428	125879	500
432	122743	86
432	122745	86
432	122761	86
432	122774	86
434	132644	19942
434	132645	19942
434	132649	19942
434	132650	19942
439	122809	1597
439	122810	1597
439	123866	2003
441	128982	17188
441	128988	17188
441	130108	73
444	129208	946
444	138076	2891
444	138080	2891
444	139735	20795
445	123857	1041
445	123860	1041
446	123501	62
446	123502	62
448	122800	1597
448	135065	768
451	126826	5342
451	126829	5342
453	129306	730
453	129308	730
453	131332	46
453	3040	3154
454	134728	1322
458	126290	2591
458	126294	2591
458	126305	2591
459	123443	11
459	127521	120
459	127522	120
460	172357	3533
460	172359	3533
464	126794	9845
464	126832	5342
466	134185	2198
466	134196	2198
466	134208	2198
470	123366	1468
470	127690	7091
470	132610	2439
472	129979	161
472	129983	161
472	129994	161
472	130755	105
474	134809	135
474	141422	2618
474	141425	2618
475	124994	2830
475	124999	2830
475	125001	2830
475	125002	2830
476	133471	5308
476	134312	2688
479	107479	30853
479	107480	30853
479	126480	572
479	134717	1322
480	123176	9101
480	126292	2591
480	126336	2591
480	127525	120
481	123719	600
481	123720	600
483	125116	883
483	125126	883
487	129440	20
489	128340	98
489	75909	2681
489	75912	2681
492	131882	103
492	131887	103
492	131890	103
492	131899	103
497	125118	883
497	129325	730
500	125123	883
501	125127	883
501	125128	883
505	125258	14971
505	125272	139
505	125274	139
510	130101	73
510	130103	73
510	130560	11938
511	131226	22472
511	131228	22472
512	124520	543
512	124549	543
517	121739	9301
517	121740	9301
517	121744	9301
525	126965	7142
533	1066	434
533	131556	969
533	131562	969
533	131564	969
534	123059	215
534	127537	120
534	127538	120
542	125348	55
542	125349	55
542	125351	55
543	133211	19942
543	133212	19942
543	133217	19942
543	137106	8140
544	121090	1184
548	126959	7142
548	126961	7142
549	126410	778
551	129024	599
551	132996	145
557	129796	1965
557	129797	1965
559	126296	2591
559	289453	46
561	126312	2591
561	126313	2591
561	126319	2591
567	127934	10373
568	126446	64
568	126452	64
568	127952	68
569	126489	572
572	126495	6413
572	128861	36
572	96582	21297
576	129623	160
580	126945	7142
580	126947	7142
581	126955	7142
581	126957	7142
583	139009	1142
584	124227	6753
584	124229	6753
584	132032	2600
584	47041	8128
585	294811	4300
587	41611	17811
587	41619	17811
587	54108	1839
589	139200	12239
589	146346	18470
593	126928	216
593	126929	216
593	126932	216
594	127731	8183
594	127732	8183
594	128329	98
596	127685	7091
596	139612	4018
597	127694	7091
597	133239	20190
597	134789	135
598	127703	7091
598	127704	7091
606	121661	5312
606	127691	7091
606	130296	17946
608	123154	238
608	123155	238
608	123193	51
608	123194	51
612	121760	9301
612	121766	9301
613	121900	14328
613	128284	1998
613	132862	10732
614	12876	15344
614	161065	22173
614	6500	6801
622	121659	5312
622	128448	6409
622	128666	18992
625	132112	408
625	132118	408
636	123163	9101
636	128310	98
636	128331	98
637	127579	1900
637	127595	1900
637	127597	1900
639	124526	543
639	143022	1312
644	162690	2464
644	162691	2464
644	163239	4770
652	129742	18435
652	130726	9464
652	130737	9464
663	128990	17188
663	128991	17188
664	129011	599
666	11243	35505
666	11244	35505
667	105002	4767
667	107247	13415
667	158816	7381
669	129061	599
669	129074	599
671	131030	1404
671	131040	1404
672	122797	1597
679	155529	5270
681	152975	20832
681	161945	25637
681	161962	25637
681	166575	1857
684	131458	829
684	137978	709
684	139205	12239
684	141263	21889
688	1070	434
688	15446	19019
688	46588	33410
690	128665	18992
690	133452	5308
690	134308	2688
696	92939	25652
696	93314	39324
698	122863	45
698	122876	45
698	123197	51
699	132864	16389
699	132866	16389
699	132882	16389
700	122866	45
700	122867	45
700	122868	45
705	150468	2600
705	157945	2600
705	157959	2600
705	167610	2600
707	138866	19500
707	161166	5792
708	129393	972
711	187464	22834
711	187466	22834
712	123606	367
712	123615	367
713	115881	15263
713	291178	43429
716	129581	159
716	129582	159
716	129583	159
718	129594	159
718	129596	159
718	129597	159
720	173578	21700
720	173579	21700
720	173580	21700
720	173582	21700
724	123283	3748
724	123284	3748
724	123285	3748
726	124445	345
727	124443	345
728	348	84
730	358	84
730	359	84
730	360	84
731	365	84
731	366	84
737	123441	11
737	123448	11
742	128033	1468
742	128034	1468
753	150477	977
753	166209	6684
753	32846	6880
764	132272	575
764	132280	575
766	127193	36
766	127195	36
770	131704	820
770	134592	269
770	43321	14021
774	127930	10373
777	126732	974
778	126734	974
779	123708	600
779	123709	600
779	123710	600
779	126735	974
780	126736	974
781	126737	974
781	127518	120
782	126738	974
783	126739	974
789	153211	2600
789	153215	2600
791	127519	120
792	127527	120
792	127528	120
797	127182	36
797	127183	36
803	139743	7477
803	139752	7477
803	139753	7477
806	123715	600
806	124221	6753
807	124223	6753
810	130095	73
810	130096	73
811	130143	514
811	130148	514
815	130105	73
815	130569	11938
816	2301	165
816	53638	24022
820	123133	2142
820	123135	2142
826	131108	4925
826	131124	4925
829	123190	51
829	123191	51
829	123192	51
830	130727	9464
830	130728	9464
831	130739	1264
831	130746	1264
834	130870	2488
834	130871	2488
835	130876	2488
836	130900	2488
836	131106	4925
839	130898	2488
844	133692	2833
844	133697	2833
844	135042	768
845	130982	1404
846	130984	1404
846	130985	1404
846	130986	1404
850	131003	1404
850	131004	1404
851	131029	1404
868	131294	769
868	131295	769
868	131296	769
876	126411	778
882	123266	3748
882	123267	3748
882	123268	3748
884	129800	1965
886	123272	3748
886	123273	3748
886	123274	3748
887	123289	3748
887	123290	3748
887	123291	3748
895	136366	2511
899	126232	153
899	126233	153
908	157963	574
908	31957	2002
909	131041	1404
909	131044	1404
909	131045	1404
911	128684	32547
911	130578	11938
915	163369	76
915	163370	76
915	163371	76
915	163372	76
920	668	28054
920	681	28054
921	127933	10373
921	127937	10373
922	132291	19471
922	132299	19471
922	132300	19471
923	132306	16
923	132307	16
925	8140	16739
925	8141	16739
925	8157	16739
927	132462	2554
927	132466	2554
937	121903	14328
937	131548	969
937	132849	3454
937	148985	3499
948	132705	1250
948	132707	1250
948	132710	1250
949	134657	732
949	134660	732
949	138545	16960
949	162667	2464
951	122301	4274
951	138582	4276
953	130625	308
954	130627	308
956	127929	10373
956	127932	10373
956	157879	10371
957	130588	17958
957	132537	3268
957	132568	3268
960	125241	14971
964	124560	24055
964	124569	24055
964	124570	24055
964	140397	17405
968	122544	3659
968	122545	3659
969	134362	967
969	134363	967
969	134373	967
976	131095	4925
976	131541	969
976	172189	4926
978	125137	883
978	132494	2554
979	128669	18992
979	128670	18992
979	128677	18992
979	128678	18992
982	133222	20190
982	133226	20190
984	137141	130
984	137154	130
985	126224	153
985	126226	153
985	126228	153
986	129388	972
1001	134707	1322
1001	134708	1322
1006	135212	537
1012	133424	16
1018	133447	5308
1018	135221	6709
1025	75365	15000
1025	92814	2776
1025	92820	2776
1027	125140	883
1027	125147	883
1028	133393	2865
1028	133395	2865
1031	133220	20190
1034	121119	1184
1040	133433	16
1046	133224	20190
1046	133225	20190
1049	133454	5308
1050	134119	3028
1050	134120	3028
1050	134121	3028
1051	133881	2788
1051	133883	2788
1051	133886	2788
1052	132776	2439
1052	139307	12163
1052	139308	12163
1053	132821	3454
1053	132850	3454
1053	289242	1184
1054	143005	15143
1058	131113	4925
1058	133263	815
1060	134451	416
1061	142358	507
1061	146197	721
1061	152224	5341
1065	134593	269
1065	134602	269
1065	134611	269
1065	135665	9662
1066	103481	16064
1066	4479	158
1066	5330	3322
1069	133699	2833
1069	133709	2833
1079	128631	18542
1079	128632	18542
1079	128633	18542
1079	128636	18542
1081	125237	14971
1081	128618	18542
1084	139230	12239
1084	145077	19403
1084	151395	1167
1085	138296	107
1085	156170	282
1085	169444	1079
1085	35680	10800
1088	129236	2944
1088	134315	2688
1088	134318	2688
1089	134686	4217
1089	134691	4217
1092	134562	2397
1092	134563	2397
1092	134568	2397
1092	134579	2397
1093	132891	556
1094	129661	4280
1094	157767	1153
1094	157768	1153
1096	128264	1998
1096	128265	1998
1096	128267	1998
1096	17320	2600
1097	136910	700
1097	136912	700
1097	136955	700
1098	133695	2833
1100	124547	543
1100	135264	544
1107	1042	434
1107	133254	20190
1107	133727	479
1107	134311	2688
1107	134313	2688
1110	134828	135
1110	134829	135
1110	136055	18891
1112	1043	434
1112	128136	14240
1112	128138	14240
1116	132847	3454
1116	132851	3454
1116	137572	20830
1121	132777	2439
1121	135824	2441
1121	176698	10418
1124	132846	3454
1124	134775	135
1132	138883	19500
1132	145024	17797
1152	126549	141
1152	126550	141
1154	129975	161
1154	129976	161
1154	134886	4524
1154	134887	4524
1160	134674	732
1160	139336	3755
1160	139717	20203
1160	139727	20203
1160	139730	20203
1161	135206	537
1165	135216	6709
1165	135220	6709
1166	136562	8457
1166	14986	7230
1168	134958	503
1171	130776	105
1171	134968	503
1175	126220	153
1175	126221	153
1179	136599	1423
1179	138367	564
1179	139203	12239
1182	133396	2865
1182	134316	2688
1182	134981	503
1183	124566	24055
1183	128659	18992
1183	133255	20190
1183	133256	20190
1184	135532	848
1184	135536	848
1184	135540	848
1187	136220	1000001
1187	136238	1000001
1187	136241	1000001
1188	133604	20019
1195	130164	514
1195	135814	2441
1195	37134	7129
1200	135043	768
1200	135059	768
1200	135067	768
1200	135068	768
1212	14653	481
1212	185485	26640
1212	75242	24482
1221	135766	33
1221	135767	33
1222	133834	786
1222	141174	944
1224	121064	1184
1225	129526	83
1225	129527	83
1225	129802	1965
1226	141268	21889
1226	141270	21889
1226	141279	21889
1230	1060	434
1230	1068	434
1230	139216	12239
1230	139225	12239
1235	135883	5664
1235	135884	5664
1235	135887	5664
1239	138254	83
1239	139609	4018
1241	121103	1184
1241	121106	1184
1241	137614	1251
1246	124548	543
1246	124550	543
1246	135815	2441
1250	135777	33
1250	135782	33
1252	134983	503
1255	138279	107
1255	74899	31274
1255	90407	3326
1255	90413	3326
1258	135062	768
1258	135063	768
1259	137770	2891
1259	27120	1342
1259	72927	3261
1260	139266	1041
1260	139267	1041
1260	139271	1041
1260	139272	1041
1261	127742	8183
1261	131411	731
1261	136350	2511
1263	138246	83
1263	139804	14770
1263	141777	19090
1264	129805	1965
1264	135033	956
1265	135635	580
1265	135636	580
1266	135837	2441
1266	136523	2130
1266	136524	2130
1271	128145	14240
1271	133279	815
1271	136861	8918
1272	128104	14240
1272	135031	956
1272	141231	21873
1274	121770	9301
1274	121771	9301
1280	135136	10708
1280	143268	21301
1283	129808	1965
1283	136983	1000012
1284	1180	955
1284	1181	955
1284	134647	732
1289	288043	6107
1289	288044	6107
1290	135762	33
1291	138096	2891
1291	138109	2891
1291	138273	107
1296	134434	416
1296	138074	2891
1298	1054	434
1298	142233	11127
1298	142236	11127
1311	134170	18492
1311	134176	18492
1313	135020	956
1313	135022	956
1313	136054	18891
1316	132782	2439
1316	132800	2439
1320	122612	940
1320	122617	940
1322	137588	1251
1322	137589	1251
1323	138548	16960
1323	138617	4583
1323	149236	2612
1331	155890	110
1331	155891	110
1331	155892	110
1334	135589	6471
1335	160602	163
1335	163935	25914
1335	27593	12069
1336	138113	10659
1336	138115	10659
1337	10673	128
1337	10674	128
1337	156963	12434
1341	9206	12758
1342	130497	18362
1342	133247	20190
1342	133248	20190
1343	139681	699
1343	158781	7381
1343	158796	7381
1347	135885	5664
1347	164338	1685
1348	135826	2441
1348	135832	2441
1349	135891	5664
1349	135892	5664
1353	121397	1259
1353	122456	1257
1353	134827	135
1355	39947	22775
1363	135842	2441
1363	139304	12163
1365	134804	135
1365	134825	135
1365	134830	135
1367	291931	19221
1367	291967	19221
1367	291968	19221
1370	138531	11116
1370	140972	21530
1373	132103	8994
1373	135029	956
1374	133833	786
1379	130486	18362
1379	130517	18362
1379	130529	18362
1379	130530	18362
1382	130492	18362
1382	130516	18362
1382	130548	18362
1382	130549	18362
1383	130489	18362
1383	130532	18362
1383	130533	18362
1384	130459	18362
1384	130460	18362
1384	130461	18362
1384	130462	18362
1384	130531	18362
1387	130989	1404
1387	130993	1404
1387	134991	503
1390	130493	18362
1390	130494	18362
1390	130495	18362
1392	128226	1998
1392	128240	1998
1392	135654	9662
1392	135659	9662
1392	140654	2017
1401	14358	4927
1401	146770	12460
1401	174511	5660
1403	130575	11938
1403	135907	5664
1403	138552	16960
1413	121799	15489
1414	130538	18362
1417	1532	2607
1417	1536	2607
1417	1539	2607
1421	8522	105
1421	8534	105
1421	8539	105
1422	146111	2233
1422	146123	2233
1422	149735	111
1425	139290	23
1425	139291	23
1425	139297	23
1430	1061	434
1430	139231	12239
1444	133287	815
1445	139387	102
1445	139397	102
1445	139404	102
1446	122614	940
1447	130550	18362
1447	130551	18362
1447	130552	18362
1447	17506	16566
1448	135894	5664
1455	134435	416
1455	138263	83
1456	130544	18362
1456	130545	18362
1456	130553	18362
1456	136846	8918
1456	139733	20795
1460	138289	107
1460	138290	107
1462	170138	94
1462	170142	94
1462	170145	94
1463	134463	559
1463	134465	559
1469	163403	76
1469	168608	135
1472	139797	14770
1472	142848	10136
1472	285314	10059
1473	135657	9662
1474	128275	1998
1474	128276	1998
1474	172821	889
1482	140067	1719
1482	140071	1719
1482	140072	1719
1485	121385	1259
1485	139314	12163
1487	133273	815
1492	11251	2686
1492	174461	26115
1492	55449	21816
1494	138315	107
1495	138027	5946
1498	140040	498
1498	140041	498
1502	122615	940
1502	122619	940
1505	1303	244
1505	1304	244
1509	143477	208
1509	145699	640
1509	145742	640
1513	140221	1635
1513	140222	1635
1535	141642	338
1535	141644	338
1536	137608	1251
1536	138488	2612
1536	141791	2612
1544	121402	1259
1544	121405	1259
1544	140055	498
1544	41167	1399
1545	160887	19993
1545	161007	19993
1547	130184	514
1552	140651	2017
1552	140656	2017
1552	141135	944
1553	140047	498
1553	140048	498
1556	139350	3091
1556	143307	8082
1559	139347	3091
1559	139353	3091
1563	137590	1251
1564	142299	4276
1566	133291	815
1566	153036	20092
1569	141081	108
1569	141082	108
1571	138486	2612
1571	141320	11231
1572	141715	18972
1572	141718	18972
1578	140045	498
1578	140049	498
1578	6379	21048
1579	128131	14240
1579	128140	14240
1579	128155	14240
1580	141083	108
1580	141084	108
1585	131718	820
1585	157660	20487
1593	175346	22759
1593	91064	35950
1593	94847	5875
1594	135914	5664
1595	132753	2439
1595	138031	5946
1601	136848	8918
1601	136862	8918
1603	139324	12163
1603	139325	12163
1603	140931	21813
1603	141713	18972
1607	134636	732
1607	149245	2612
1607	150715	735
1614	13759	173
1614	13785	173
1614	141486	15233
1614	167305	20636
1618	220956	19289
1618	32399	37134
1618	32402	37134
1618	32403	37134
1621	141592	10855
1621	141593	10855
1621	141595	10855
1621	141599	10855
1624	142933	3074
1624	168623	135
1629	139707	699
1629	139710	699
1630	102884	23136
1630	141772	2600
1630	73710	19771
1630	96099	11451
1633	141580	18190
1633	141584	18190
1633	150458	2600
1633	180292	1608
1634	141571	8390
1636	130501	18362
1636	130535	18362
1636	141789	2612
1638	84447	46
1638	84448	46
1639	132848	3454
1639	133290	815
1641	130503	18362
1641	130504	18362
1641	130505	18362
1643	138089	2891
1645	141819	124
1646	121406	1259
1646	121408	1259
1646	121409	1259
1647	140649	8813
1647	142742	5827
1648	144971	13249
1649	150127	1557
1649	5776	6086
1649	68762	13110
1650	157641	18096
1650	167613	2600
1650	173551	2600
1650	173552	2600
1651	136854	8918
1653	141272	21889
1653	142352	507
1653	142374	507
1664	122623	940
1664	137600	1251
1665	132826	3454
1665	136991	2600
1665	141758	2600
1668	136271	6093
1668	136280	6093
1673	143396	734
1673	143397	734
1674	142277	4276
1674	142298	4276
1678	142279	4276
1679	142280	4276
1679	142287	4276
1680	142282	4276
1681	142301	4276
1681	142313	4276
1685	146845	16728
1685	146847	16728
1685	146849	16728
1686	142278	4276
1688	142285	4276
1690	142293	4276
1691	142296	4276
1693	142302	4276
1695	142312	4276
1696	142314	4276
1699	141159	944
1699	141160	944
1701	141759	2600
1701	141760	2600
1704	142310	4276
1705	142318	4276
1708	142415	5720
1708	142417	246
1710	133294	815
1710	133295	815
1714	142291	4276
1715	142315	4276
1717	142305	4276
1721	142317	4276
1723	141149	944
1724	395	5682
1726	142316	4276
1731	142320	4276
1733	139046	3623
1734	142311	4276
1736	142281	4276
1736	152007	6688
1737	142396	291
1737	142397	291
1737	146161	21032
1737	148989	3499
1740	141148	944
1743	142912	3074
1743	142913	3074
1743	142914	3074
1746	143015	1312
1748	1560	325
1748	1562	325
1750	135624	580
1750	142369	507
1752	16632	15709
1754	137004	2600
1754	140639	8813
1756	134819	135
1756	134820	135
1757	128103	14240
1757	128127	14240
1760	143006	15143
1765	143010	15143
1767	142932	3074
1767	142941	3074
1767	142942	3074
1767	142944	3074
1769	143483	11136
1769	143484	11136
1769	143485	11136
1772	135621	580
1773	139602	4018
1773	145712	640
1773	145716	640
1773	145729	640
1776	139035	3623
1776	142744	5827
1777	142745	5827
1777	142750	5827
1779	142733	21077
1780	143478	208
1784	142294	4276
1789	137618	1251
1789	142896	1913
1795	142410	291
1795	142412	291
1800	142858	10136
1801	138032	5946
1804	131525	969
1804	131527	969
1804	170447	1827
1806	143946	940
1806	143948	940
1806	2536	2275
1809	143025	1312
1811	129443	20
1813	142304	4276
1815	143381	734
1815	143382	734
1815	143388	734
1815	9918	135
1819	144391	18190
1819	144398	18190
1819	144401	18190
1819	144402	18190
1825	135580	6471
1826	139361	3091
1826	142752	5827
1827	143625	871
1828	141203	5157
1841	150351	22302
1841	159771	24872
1841	179183	27683
1844	144486	766
1844	145713	640
1845	145083	19403
1845	145088	19403
1845	147962	19810
1846	144452	766
1846	144458	766
1849	138063	5946
1849	144965	13249
1851	148312	1430
1851	148962	2600
1851	151817	783
1859	145700	640
1859	145701	640
1859	145703	640
1863	142324	4276
1867	148436	11093
1867	154071	11880
1867	154075	11880
1868	145459	3688
1868	145473	3688
1868	2318	1477
1870	148296	1430
1870	164323	1685
1870	164330	1685
1874	143361	734
1874	165701	7347
1874	165702	7347
1874	89898	38326
1878	122452	1257
1878	122453	1257
1885	136863	8918
1898	145702	640
1898	145715	640
1898	145720	640
1898	145724	640
1901	146686	781
1901	147822	21728
1901	48014	1902
1901	60017	34448
1903	132499	2554
1913	143521	3155
1913	147989	19810
1913	147990	19810
1914	121446	1259
1914	121449	1259
1914	133440	35
1919	142785	10136
1920	147026	20912
1920	1793	2950
1923	155646	13833
1923	161972	12084
1923	161975	12084
1924	132574	3268
1924	132576	3268
1926	143879	2834
1926	147979	19810
1926	147987	19810
1931	156647	831
1933	146437	2814
1938	176228	5164
1938	180290	1608
1943	138033	5946
1944	159227	10360
1944	159228	10360
1944	159230	10360
1958	144503	766
1961	145733	640
1961	149738	111
1961	149739	111
1963	142393	507
1963	142776	10136
1963	147036	20912
1968	145732	640
1970	10594	21904
1970	26100	22781
1970	28415	19087
1974	139741	20795
1974	139742	20795
1977	133046	145
1977	147187	677
1985	144468	766
1987	144135	1081
1988	147956	19810
1988	148538	816
1988	24833	24921
1989	26962	24020
1992	141719	18972
1993	147149	2153
1993	147964	19810
1993	147965	19810
1993	147966	19810
1995	1826	15265
1995	1836	15265
1995	1837	15265
1998	15444	19019
1998	29454	28725
1998	29455	28725
2001	144499	766
2002	139469	18247
2003	143254	21301
2003	143255	21301
2004	147173	2153
2004	147967	19810
2004	147981	19810
2007	132570	3268
2007	149877	5267
2010	121416	1259
2010	147045	20912
2012	139355	3091
2012	139356	3091
2012	139358	3091
2013	147609	20740
2013	147610	20740
2021	169435	1079
2021	235244	8167
2021	235245	8167
2021	246946	5976
2026	22756	700
2026	81608	1023
2026	81609	1023
2033	164914	3436
2033	164915	3436
2033	164916	3436
2035	147960	19810
2035	147961	19810
2035	152373	6634
2039	141208	5157
2039	141209	5157
2042	134780	135
2042	136442	6593
2042	148298	1430
2045	158081	3604
2046	141204	5157
2046	178027	2600
2050	157659	20487
2050	164332	1685
2050	164335	1685
2051	153962	1906
2053	138888	19500
2053	138901	19500
2056	143893	2834
2060	147963	19810
2060	150843	2604
2060	150855	2604
2061	147110	6026
2062	109873	23735
2062	143900	2834
2063	148525	816
2063	148526	816
2067	143535	3155
2067	143536	3155
2068	146217	3435
2074	147193	677
2074	149033	21415
2074	159371	40359
2078	142845	10136
2085	147968	19810
2085	147970	19810
2085	147971	19810
2086	149214	77
2086	149220	77
2089	133059	145
2089	148992	3499
2089	148996	3499
2090	147030	20912
2090	149737	111
2090	151646	767
2092	145706	640
2092	145709	640
2093	143262	21301
2093	143264	21301
2093	143271	21301
2094	142345	507
2096	136868	8918
2100	138911	19500
2104	75220	17592
2104	78240	24652
2104	78253	24652
2110	161100	4042
2110	161101	4042
2110	161102	4042
2113	132484	2554
2113	132485	2554
2122	149350	2291
2127	138047	5946
2133	2145	34580
2133	2148	34580
2133	289460	34580
2136	5140	14851
2136	5143	14851
2136	5147	14851
2137	131742	820
2137	131748	820
2137	131751	820
2137	155944	14410
2140	160867	19993
2140	17255	103
2140	39822	175
2143	145731	640
2146	136610	733
2148	6979	2055
2148	6981	2055
2148	6983	2055
2148	6984	2055
2149	36146	3127
2149	7235	26361
2149	7239	26361
2149	8912	482
2152	133013	145
2152	133043	145
2152	133067	145
2152	156226	4224
2156	17942	18149
2156	25563	30228
2156	82458	38039
2159	179154	19342
2159	179156	19342
2159	179157	19342
2162	164461	22362
2162	181961	7352
2162	185436	7354
2167	149880	5267
2167	149881	5267
2182	150130	1557
2182	181173	479
2182	181183	479
2185	150123	1557
2185	150124	1557
2194	141235	21873
2194	141248	21873
2194	150469	2600
2195	150894	228
2195	150901	228
2196	170151	6911
2196	170379	22814
2196	174172	13193
2198	133546	19726
2198	151049	903
2198	46877	2845
2201	151776	3300
2201	160438	3300
2201	7371	3300
2204	131732	820
2208	10076	22000
2208	11020	1709
2229	152842	1640
2229	152864	1640
2230	124587	6917
2230	132101	8994
2230	148550	11052
2234	64131	35196
2234	64139	35196
2234	64149	35196
2234	64159	35196
2237	152229	5341
2237	163673	840
2238	121413	1259
2238	121415	1259
2240	148521	816
2240	148522	816
2240	148529	816
2246	131710	820
2254	152824	259
2254	152825	259
2254	152826	259
2254	152831	259
2256	137597	1251
2256	137627	1251
2256	137628	1251
2262	141714	18972
2262	141716	18972
2262	141717	18972
2269	147627	20740
2269	165387	26379
2269	88761	1273
2270	156683	3635
2270	156684	3635
2270	3545	7040
2270	3547	7040
2272	150674	735
2272	152262	3725
2272	152264	3725
2272	152265	3725
2272	152267	3725
2272	152282	3725
2273	152357	1058
2273	152363	1058
2275	150140	1557
2275	150141	1557
2276	131549	969
2276	149909	5267
2277	149874	5267
2277	149896	5267
2277	149897	5267
2279	141140	944
2284	135909	5664
2285	124595	6917
2285	149890	5267
2285	163380	76
2285	163381	76
2288	139949	1019
2288	139962	1019
2288	155711	963
2289	152253	3725
2289	152254	3725
2289	152257	3725
2289	152258	3725
2292	150679	735
2292	150689	735
2294	161707	604
2294	161714	604
2294	169656	27090
2297	174934	18640
2297	28913	3622
2297	8377	1565
2299	6524	11579
2299	6525	11579
2300	131720	820
2301	134424	967
2301	157471	17371
2301	157880	10371
2309	152159	1218
2309	152160	1218
2309	167347	26651
2312	147629	20740
2312	157868	10371
2312	161206	22381
2319	138631	2864
2319	138656	2864
2334	150915	228
2334	150916	228
2339	158764	7381
2339	181100	11620
2339	181101	11620
2341	151701	10943
2341	163407	76
2341	163408	76
2346	152201	5228
2348	143895	2834
2351	151965	6688
2351	151969	6688
2351	151970	6688
2356	154880	23564
2356	154885	23564
2356	154907	23564
2361	137615	1251
2361	165622	831
2364	131735	820
2368	157054	3526
2368	157056	3526
2368	157057	3526
2368	157066	3526
2374	155651	13833
2374	160960	19993
2380	152158	1218
2384	152900	4229
2388	153728	6630
2388	153731	6630
2388	153733	6630
2391	145015	17797
2393	144496	766
2397	162238	19023
2397	162239	19023
2397	162253	19023
2401	144485	766
2404	141240	21873
2404	141242	21873
2405	148581	11052
2405	182390	14958
2405	7360	11628
2407	7664	4761
2407	7666	4761
2407	7667	4761
2411	132530	3268
2411	132532	3268
2412	153947	1906
2412	153948	1906
2412	153954	1906
2414	128291	1998
2414	128292	1998
2414	159411	40359
2414	165385	26379
2416	152137	1218
2416	152139	1218
2427	154671	6053
2427	154673	6053
2427	154697	6053
2427	154736	6053
2428	83699	38188
2428	83705	38188
2436	2476	19066
2436	2477	19066
2436	2481	19066
2437	153219	2600
2437	153220	2600
2437	155505	5270
2445	148556	11052
2448	141428	2618
2448	163517	8933
2448	163521	8933
2473	155521	5270
2473	157859	10371
2473	157861	10371
2481	12731	28452
2481	156738	11146
2481	163597	540
2485	143898	2834
2485	151992	6688
2485	151993	6688
2487	162474	7055
2487	169011	2662
2487	169018	2662
2488	155508	5270
2488	155524	5270
2488	155526	5270
2491	134787	135
2494	156014	4507
2494	156015	4507
2494	156017	4507
2494	156018	4507
2494	156019	4507
2496	156067	9296
2496	156083	9296
2496	156087	9296
2496	156089	9296
2498	134785	135
2498	134786	135
2498	134816	135
2499	156153	9571
2499	156154	9571
2499	156155	9571
2504	154288	2083
2504	154289	2083
2506	11267	2686
2506	11278	2686
2506	13150	1079
2506	169427	1079
2512	157242	836
2512	157480	17371
2514	149482	1000006
2517	135227	6709
2517	135229	6709
2518	154825	10743
2518	154826	10743
2522	147156	2153
2526	156061	9296
2526	156073	9296
2526	156076	9296
2526	156098	9296
2531	156718	27922
2531	156720	27922
2531	156724	27922
2532	154838	10743
2532	157475	17371
2532	163402	76
2533	149939	18000
2541	135246	6709
2541	159352	40359
2541	185493	26640
2544	10944	1399
2544	13195	16349
2544	27475	1198
2544	3070	3154
2545	135235	6709
2552	132097	8994
2553	163692	840
2553	163728	840
2553	163730	840
2562	133442	35
2562	157263	72
2568	156115	2600
2568	156116	2600
2568	156117	2600
2568	156118	2600
2570	157243	836
2573	178449	1098
2573	178450	1098
2573	186232	10123
2574	128278	1998
2574	128282	1998
2574	128283	1998
2574	128303	1998
2577	157236	836
2581	155520	5270
2581	157857	10371
2581	157858	10371
2582	155972	3335
2582	155973	3335
2587	159393	40359
2587	160609	6674
2587	163454	6400
2587	54186	34610
2588	11081	8995
2588	160947	19993
2589	177234	14453
2589	22574	5750
2589	22581	5750
2592	166433	3479
2592	5341	3322
2598	4654	17125
2598	4662	17125
2606	130138	103
2606	132102	8994
2607	177740	27465
2607	177749	27465
2607	87140	32198
2609	156975	12434
2609	157645	18096
2609	169640	27090
2618	138042	5946
2624	173598	3721
2624	88360	13029
2625	127773	5726
2628	109663	2295
2628	153958	1906
2628	153964	1906
2638	10172	1438
2652	157644	18096
2654	158744	7381
2660	154321	2083
2660	173229	1895
2660	173260	1895
2671	157946	2600
2671	157947	2600
2671	157948	2600
2673	156474	16332
2673	162129	17417
2673	162130	17417
2674	155968	3335
2676	143903	2834
2688	144986	13249
2688	144987	13249
2691	156745	11146
2691	156750	11146
2691	156755	11146
2694	28858	3622
2694	28891	3622
2696	157636	18096
2709	158074	3604
2712	3532	7040
2712	3534	7040
2712	3536	7040
2724	89874	38326
2730	154436	4531
2730	154437	4531
2733	28252	1353
2735	160603	163
2740	162051	25570
2740	288813	25570
2741	159386	40359
2748	160959	19993
2748	160985	19993
2751	142362	507
2751	142363	507
2754	161876	22269
2754	161889	22269
2754	161902	22269
2754	161905	22269
2758	161217	22381
2758	86039	3282
2758	86040	3282
2758	86588	17749
2762	142778	10136
2762	160610	6674
2764	36616	2488
2764	36617	2488
2764	36619	2488
2769	169619	17866
2769	176256	5164
2769	176263	5164
2774	131722	820
2775	134792	135
2775	160958	19993
2775	161226	22381
2785	154282	2083
2785	154284	2083
2785	163322	12
2787	157400	7374
2790	142824	10136
2792	144136	1081
2792	152929	4229
2803	154320	2083
2803	154328	2083
2803	161169	5792
2812	160187	58
2815	160188	58
2816	156159	282
2816	4136	2046
2817	142371	507
2817	142380	507
2823	160949	19993
2823	160953	19993
2823	160964	19993
2825	6391	2021
2825	666	28054
2827	170438	1864
2827	170440	1864
2830	3979	1549
2830	3980	1549
2834	132496	2554
2834	132497	2554
2836	5354	3322
2836	5355	3322
2843	152918	4229
2853	164187	1000003
2853	164188	1000003
2854	51657	5225
2854	51658	5225
2882	147159	2153
2893	139310	12163
2893	139322	12163
2895	8662	2435
2895	8663	2435
2902	9006	6308
2902	9008	6308
2909	34661	12587
2909	34664	12587
2909	81524	4037
2910	131096	4925
2911	12359	14293
2911	15045	6933
2911	15084	6933
2911	7601	2148
2919	7269	1202
2919	7270	1202
2920	156224	4224
2920	156230	4224
2925	162505	16981
2929	85685	19229
2929	86777	1184
2930	163436	6400
2930	163437	6400
2930	5059	1972
2943	171000	6440
2943	171001	6440
2946	163375	76
2952	407	1210
2952	408	1210
2952	410	1210
2960	155151	24518
2960	155152	24518
2961	960	1572
2961	961	1572
2967	4901	3424
2967	4902	3424
2971	4275	5265
2975	151995	6688
2979	156236	4224
2979	156237	4224
2985	153199	2600
2985	153200	2600
2985	153202	2600
2988	173558	2600
2988	7587	2148
2989	138028	5946
2989	138035	5946
2990	6534	11579
2990	6535	11579
2992	164100	123
2992	164101	123
2997	163246	4770
2998	160954	19993
2998	160955	19993
2999	156967	12434
2999	156968	12434
3000	15664	326
3001	160952	19993
3001	160984	19993
3003	12539	29543
3003	14274	6823
3005	163389	76
3005	163390	76
3005	163391	76
3005	163399	76
3006	5697	833
3006	5698	833
3008	164327	1685
3008	164328	1685
3009	10327	17611
3009	10328	17611
3020	888	2775
3020	892	2775
3021	121438	1259
3021	121439	1259
3021	121440	1259
3025	12971	25474
3032	19361	28613
3033	130750	1264
3033	138641	2864
3045	155991	3335
3045	163406	76
3046	137739	2781
3046	148993	3499
3053	148990	3499
3054	128242	1998
3054	128244	1998
3054	128245	1998
3060	163499	8933
3060	163540	8933
3060	163542	8933
3063	138651	2864
3063	138652	2864
3070	166420	3479
3070	166421	3479
3070	166423	3479
3072	155948	3335
3072	155949	3335
3079	164971	8644
3080	5032	12544
3080	5040	12544
3081	166546	1857
3082	165428	12216
3083	7943	4735
3083	7944	4735
3088	5436	19526
3088	5438	19526
3088	5441	19526
3090	131878	19067
3090	164191	1000003
3092	39501	4204
3094	136458	6593
3097	165352	2600
3097	165353	2600
3097	165354	2600
3098	5406	4675
3098	5407	4675
3098	5408	4675
3100	142810	10136
3105	163726	840
3105	166683	435
3109	144137	1081
3109	165420	12216
3112	9554	5978
3112	9555	5978
3114	170976	1497
3114	170977	1497
3118	5909	4705
3118	5911	4705
3118	5912	4705
3119	163519	8933
3119	163527	8933
3125	132586	3268
3125	163698	840
3132	163510	8933
3132	167590	2600
3132	167603	2600
3135	166688	435
3137	163489	8933
3137	163504	8933
3138	173544	2600
3142	160977	19993
3143	160986	19993
3143	160993	19993
3144	166426	3479
3144	166428	3479
3144	174048	18584
3148	4666	1252
3157	119295	15158
3157	168062	13234
3157	68361	28340
3168	173564	2600
3168	173565	2600
3170	137482	2981
3171	68344	28340
3171	7574	621
3172	166439	3479
3179	7133	45
3179	7135	45
3179	7142	45
3179	7153	45
3180	138043	5946
3185	163505	8933
3185	163507	8933
3187	168497	18948
3187	168500	18948
3192	4909	3424
3192	4910	3424
3192	4911	3424
3196	151981	6688
3196	151982	6688
3214	167602	2600
3214	167606	2600
3214	167607	2600
3215	5757	6086
3215	5758	6086
3215	5764	6086
3221	138045	5946
3221	9174	4602
3224	167024	19474
3224	168198	26690
3224	168199	26690
3224	168204	26690
3227	24747	3800
3227	24784	3800
3227	24788	3800
3228	4687	1252
3228	4690	1252
3228	4691	1252
3230	137483	2981
3235	11599	19499
3235	28433	22409
3235	28452	22409
3238	134398	967
3240	131231	22472
3240	131232	22472
3242	67153	21959
3242	67168	21959
3242	8112	21510
3244	10691	128
3244	10692	128
3244	174926	18640
3245	169642	27090
3245	6194	27174
3245	62827	35679
3245	62828	35679
3257	169284	2376
3257	169288	2376
3258	169291	2376
3259	158083	3604
3261	154309	2083
3268	59224	35211
3268	59225	35211
3268	59226	35211
3271	169289	2376
3272	167426	1937
3274	163518	8933
3274	167022	19474
3274	167023	19474
3285	121400	1259
3285	121401	1259
3288	7156	45
3288	7157	45
3289	171107	2850
3289	171108	2850
3289	171109	2850
3290	14909	10991
3290	170207	2145
3290	179163	19342
3294	167597	2600
3294	167609	2600
3307	145138	1887
3307	145145	1887
3314	135987	2814
3314	138053	5946
3314	159392	40359
3318	164981	8644
3318	164984	8644
3318	185499	26640
3319	171003	6440
3319	173247	1895
3328	166436	3479
3328	168626	135
3328	168638	135
3330	170956	1497
3330	172156	4926
3331	159605	2787
3331	159609	2787
3334	171008	6440
3340	169293	2376
3340	170982	1497
3346	158751	7381
3346	7599	2148
3347	134420	967
3347	134425	967
3356	132542	3268
3357	28375	26117
3357	28380	26117
3361	1133	1342
3361	1150	1342
3361	130131	103
3368	170950	1497
3368	170951	1497
3368	170952	1497
3370	163384	76
3370	724	28054
3370	756	28054
3373	174981	18640
3373	174983	18640
3374	298025	12060
3374	298026	12060
3374	298032	12060
3379	132592	3268
3379	132601	3268
3380	6175	5676
3380	64298	8201
3380	64300	8201
3381	9921	135
3389	130127	103
3389	13247	4540
3389	13248	4540
3389	13250	4540
3394	168627	135
3394	184333	8694
3394	7597	2148
3400	153975	1906
3409	167622	2600
3409	167623	2600
3409	173540	2600
3409	173567	2600
3411	130135	103
3411	187007	28952
3411	187011	28952
3411	187012	28952
3417	6522	11579
3433	135988	2814
3433	20043	17189
3433	718	28054
3436	172162	4926
3436	172171	4926
3440	171006	6440
3440	171009	6440
3446	144019	2512
3446	144021	2512
3446	176270	2464
3448	5416	4675
3448	5417	4675
3465	20021	17189
3465	20022	17189
3465	20044	17189
3465	275761	3697
3467	166570	1857
3467	166572	1857
3470	116548	8395
3470	116549	8395
3470	116550	8395
3479	153280	7885
3479	153281	7885
3479	153286	7885
3482	170452	1827
3482	170453	1827
3483	115968	32530
3483	119637	25438
3483	174132	10002
3486	166424	3479
3486	166446	3479
3488	65654	28337
3488	85273	30477
3490	177627	28346
3490	177638	28346
3490	177641	28346
3493	17615	34426
3493	46712	9102
3500	134409	967
3503	127082	82
3503	127083	82
3513	163606	540
3513	163607	540
3513	7741	5632
3521	12715	28452
3521	175962	1079
3521	7591	2148
3526	175658	1028
3526	176651	5122
3526	176653	5122
3528	168656	135
3528	168669	135
3536	23268	22002
3536	8226	5140
3537	5703	833
3537	5704	833
3538	142836	10136
3538	163619	540
3538	163622	540
3538	163624	540
3540	163612	540
3541	174236	1845
3541	174240	1845
3541	174244	1845
3546	175390	980
3546	9321	8867
3546	9342	8867
3547	156969	12434
3547	156970	12434
3547	8363	1565
3547	8365	1565
3549	171171	2850
3549	173591	3721
3549	8890	482
3549	9203	12758
3551	7884	5090
3551	7887	5090
3551	7894	5090
3553	697	28054
3553	734	28054
3554	163609	540
3554	165435	12216
3554	172175	4926
3557	159359	40359
3557	8341	1565
3557	8342	1565
3559	165413	12216
3564	132498	2554
3567	7276	1202
3567	7277	1202
3570	5694	833
3570	5695	833
3570	5696	833
3571	173553	2600
3571	173554	2600
3571	173555	2600
3571	173556	2600
3575	170457	1827
3576	138058	5946
3584	178748	29866
3584	74477	33927
3587	140711	6124
3588	180957	7112
3588	186215	10123
3588	54099	1839
3592	173545	2600
3595	176633	4084
3595	176646	4084
3595	191322	804
3595	418	1210
3598	173222	1895
3598	180204	1684
3606	164911	3436
3606	6850	2981
3607	135982	2814
3607	29116	3178
3615	14672	10011
3615	14674	10011
3615	14677	10011
3618	175930	13852
3618	175932	13852
3618	178097	17190
3630	11612	19499
3630	24758	3800
3638	696	28054
3638	758	28054
3641	134615	269
3641	6870	2981
3645	186230	10123
3645	39840	1399
3645	77173	34130
3647	134419	967
3647	180300	1608
3650	168636	135
3650	168637	135
3650	168643	135
3650	168646	135
3654	171137	2850
3654	171138	2850
3654	171139	2850
3656	168609	135
3656	168618	135
3656	168648	135
3657	182397	14958
3657	19115	756
3657	78622	4368
3660	172182	4926
3660	172183	4926
3660	6517	11579
3663	172005	18561
3663	172528	4028
3664	11714	2741
3664	178355	10030
3664	178366	10030
3665	8587	14168
3665	8589	14168
3675	10687	128
3675	185514	26640
3675	187020	28952
3679	159362	40359
3679	159363	40359
3681	111567	10513
3681	116302	5472
3681	26514	2848
3681	96617	21297
3686	171133	2850
3686	171134	2850
3691	178103	26732
3691	178109	26732
3691	178118	26732
3698	256231	35499
3698	29401	3634
3698	41990	4071
3699	175950	1079
3699	19401	1079
3699	19402	1079
3699	47246	17780
3703	71531	18945
3703	71550	18945
3703	73732	19771
3717	178149	25270
3717	21493	5615
3717	21498	5615
3723	171115	2850
3723	171631	23772
3728	105386	60
3728	105398	60
3729	6852	2981
3733	140718	6124
3738	164927	3436
3738	176680	5122
3738	176682	5122
3738	176683	5122
3744	177438	402
3744	178590	1158
3744	178594	1158
3747	173589	3721
3752	4943	3424
3752	4944	3424
3757	134141	620
3757	134142	620
3757	134143	620
3764	168670	135
3764	168671	135
3779	691	28054
3780	177782	8157
3780	177784	8157
3780	177788	8157
3781	156973	12434
3781	156977	12434
3781	156981	12434
3783	176659	5122
3790	140725	6124
3790	39761	2848
3792	176660	5122
3793	10683	128
3793	10684	128
3793	33942	847
3793	4707	1252
3796	16815	28900
3796	16816	28900
3796	16817	28900
3796	6400	2021
3798	16980	4012
3798	16981	4012
3798	16984	4012
3807	4923	3424
3807	4955	3424
3816	11258	2686
3816	19585	11323
3816	290923	20317
3819	134145	620
3819	134146	620
3819	134153	620
3825	134148	620
3825	134160	620
3830	12529	29543
3830	12530	29543
3830	12531	29543
3830	12535	29543
3835	178028	2600
3835	178029	2600
3835	178030	2600
3843	176663	5122
3843	176666	5122
3845	176676	5122
3845	181096	11620
3845	8894	482
3845	8924	482
3848	28169	4307
3848	37389	6378
3848	46063	1472
3851	9210	12758
3852	175448	11746
3853	163249	4770
3857	180923	27969
3857	182315	6882
3857	182317	6882
3864	185125	10760
3864	185126	10760
3866	173230	1895
3866	9919	135
3866	9920	135
3867	173236	1895
3867	173237	1895
3869	699	28054
3869	700	28054
3871	692	28054
3871	693	28054
3876	174953	18640
3876	174960	18640
3879	173592	3721
3879	174923	18640
3885	1193	955
3885	1194	955
3885	12149	16259
3885	183973	283
3885	7167	45
3889	130125	103
3889	9914	135
3889	9915	135
3894	6552	11579
3894	6553	11579
3895	6855	2981
3896	134415	967
3905	149791	961
3905	172165	4926
3906	184005	283
3906	191426	18137
3906	23193	506
3909	11695	27771
3909	149794	961
3909	7140	45
3911	8888	482
3912	3831	1938
3912	77626	13707
3912	82271	2591
3914	10088	1093
3914	10089	1093
3915	57461	13015
3915	98647	32449
3922	715	28054
3922	723	28054
3923	153309	1851
3923	174992	18640
3923	181420	19044
3925	57460	13015
3925	57660	27435
3926	174988	18640
3926	891	2775
3927	6556	11579
3927	6557	11579
3928	10094	25326
3928	153300	1851
3928	153301	1851
3928	153302	1851
3934	102413	28572
3934	102415	28572
3945	29110	3178
3945	890	2775
3947	13260	4540
3947	13262	4540
3955	181687	20239
3955	181692	20239
3955	181705	20239
3955	38223	15000
3959	706	28054
3962	721	28054
3962	722	28054
3967	29012	643
3967	292604	38693
3969	175415	11746
3969	6872	2981
3972	170212	2145
3972	185074	6960
3972	5791	6086
3977	185457	24583
3977	185466	24583
3977	87547	29734
3979	10701	128
3979	10702	128
3982	178459	1098
3982	182255	4020
3983	5331	3322
3983	5371	3322
3989	182389	14958
3989	182394	14958
3989	182402	14958
3990	13164	16349
3990	31892	9869
3990	31915	9869
3992	714	28054
3994	11512	29255
3994	149798	961
3994	156757	11146
3997	180294	1608
3997	180297	1608
3997	182399	14958
4005	14905	10991
4005	7258	1202
4005	7262	1202
4009	43903	24407
4009	43910	24407
4009	43916	24407
4010	10798	9057
4010	10801	9057
4010	10822	9057
4013	11734	2741
4013	182396	14958
4014	186175	22079
4014	186176	22079
4014	186179	22079
4014	186183	22079
4015	4878	7277
4015	63496	33800
4015	63729	16127
4017	231846	19069
4017	6540	11579
4018	103416	1693
4018	107312	3760
4018	107338	3760
4019	8895	482
4019	8899	482
4020	180289	1608
4020	180307	1608
4021	130137	103
4021	180238	1684
4034	12475	2848
4034	14942	10991
4034	5706	833
4039	184264	13
4039	184265	13
4039	184266	13
4042	12369	14293
4044	9010	6308
4051	10927	1399
4051	11217	976
4051	11218	976
4054	11077	8995
4057	11254	2686
4057	12085	21892
4057	183239	17655
4059	3057	3154
4059	3059	3154
4059	3061	3154
4059	3069	3154
4059	3073	3154
4063	12915	8859
4063	186231	10123
4064	12118	21892
4064	19132	5829
4064	77779	35302
4071	176278	2464
4071	39616	2609
4071	39913	24874
4077	13751	5630
4077	13754	5630
4078	7619	1188
4078	76853	3629
4085	11515	29255
4085	11516	29255
4085	11517	29255
4088	158077	3604
4088	158079	3604
4090	183977	283
4090	183978	283
4090	183984	283
4090	183987	283
4098	11546	27990
4098	11547	27990
4104	12526	29543
4104	181012	7112
4104	185522	26640
4108	12546	29543
4108	2772	2005
4108	2777	2005
4110	11528	29255
4110	11533	29255
4110	11535	29255
4111	184447	15818
4111	184448	15818
4116	13256	4540
4116	13265	4540
4116	3582	2770
4122	11963	4693
4122	157669	20487
4133	6541	11579
4137	11701	27771
4137	11702	27771
4138	11079	8995
4145	104606	40453
4145	14013	12669
4145	34497	1399
4148	134149	620
4148	183988	283
4152	12926	1482
4152	5710	833
4153	185072	6960
4153	186222	10123
4153	186223	10123
4153	61735	35587
4156	12155	16259
4156	12159	16259
4156	12351	14293
4160	11549	27990
4160	11550	27990
4160	14187	11128
4161	185349	29433
4172	185480	26640
4172	23246	26053
4172	25907	24461
4174	107938	14725
4174	159	2184
4174	69287	6737
4174	69293	6737
4179	20567	1897
4179	20593	1897
4179	25937	34020
4189	115680	32530
4189	115685	32530
4189	274546	2150
4191	44438	16532
4191	69032	12243
4192	5332	3322
4193	48169	389
4193	48170	389
4193	48173	389
4195	17507	16566
4195	186236	10123
4195	186237	10123
4195	186238	10123
4196	23901	4367
4196	23924	4367
4196	23955	4367
4198	12259	8166
4198	12281	8166
4198	61336	16653
4205	11977	4693
4211	3819	1938
4211	3820	1938
4211	3835	1938
4214	7146	45
4216	10164	1438
4216	10192	1438
4217	9052	6308
4217	9955	135
4218	41146	1399
4218	41157	1399
4218	41159	1399
4222	12898	8859
4222	187005	28952
4222	187006	28952
4225	144132	1081
4226	12707	28452
4226	185488	26640
4234	187735	1183
4234	187738	1183
4234	187750	1183
4234	40345	2126
4235	7631	1188
4235	7632	1188
4235	7633	1188
4236	8927	482
4238	12538	29543
4238	12895	8859
4243	14929	10991
4243	187023	28952
4243	187024	28952
4246	12544	29543
4246	12545	29543
4257	6397	2021
4260	176853	10940
4260	176854	10940
4262	14486	2876
4262	14487	2876
4263	14180	11128
4263	16187	30031
4263	16194	30031
4263	20411	12187
4267	287369	1282
4267	72637	25493
4267	78186	24432
4273	188158	30017
4273	188159	30017
4273	188161	30017
4273	188162	30017
4273	188164	30017
4277	185517	26640
4277	185519	26640
4278	13269	4540
4278	13270	4540
4278	187018	28952
4280	185518	26640
4289	12723	28452
4289	21393	3722
4290	14526	12369
4290	7622	1188
4294	14317	4028
4294	32859	9983
4294	35475	12176
4294	9934	135
4295	112687	19214
4295	39940	22775
4297	13006	2158
4297	13009	2158
4305	15448	19019
4310	14900	10991
4310	14908	10991
4313	16007	135
4313	9936	135
4313	9937	135
4321	15217	3795
4321	27565	701
4321	27567	701
4323	13259	4540
4323	18416	7498
4323	55228	362
4327	4714	1252
4327	9916	135
4327	9959	135
4331	57179	5118
4331	57180	5118
4331	88349	13029
4335	15081	6933
4335	15082	6933
4340	15220	3795
4344	22232	107
4344	53906	2667
4344	8892	482
4345	7635	1188
4345	7636	1188
4350	10919	1399
4350	9170	4602
4352	10940	1399
4352	10941	1399
4352	16038	135
4352	893	2775
4356	6498	6801
4356	6506	6801
4358	20034	17189
4358	44937	1325
4362	15663	326
4363	11049	1709
4363	14936	10991
4379	18034	368
4379	18039	368
4379	18040	368
4379	190740	12257
4381	14897	10991
4381	14904	10991
4396	14564	12369
4396	33397	24811
4396	33398	24811
4397	15666	326
4397	15668	326
4397	15678	326
4402	3066	3154
4402	3067	3154
4402	3068	3154
4406	16882	851
4406	16883	851
4407	13132	1079
4407	13145	1079
4407	13146	1079
4411	14494	2876
4411	14501	2876
4415	16759	28900
4420	5802	6086
4422	15542	3437
4422	23271	22002
4422	23272	22002
4422	283730	35029
4423	16011	135
4423	16012	135
4423	29083	3178
4423	29084	3178
4425	14497	2876
4427	12471	2848
4427	20023	17189
4427	20028	17189
4427	41933	6746
4428	6523	11579
4433	16802	28900
4434	73957	36279
4434	73958	36279
4438	48513	34366
4438	48525	34366
4438	52195	1056
4441	76250	37039
4441	76262	37039
4441	76263	37039
4442	2868	474
4443	11591	19499
4443	24511	30908
4443	3992	1549
4446	2271	94
4446	2273	94
4446	2275	94
4447	14912	10991
4447	14919	10991
4447	14931	10991
4455	116276	41790
4455	14896	10991
4455	18532	1355
4455	90866	8394
4463	16807	28900
4463	26851	15705
4463	26871	2600
4463	707	28054
4474	14185	11128
4474	14186	11128
4480	44312	1587
4480	8371	1565
4481	17498	16566
4481	17499	16566
4484	34489	1399
4484	37119	13505
4484	75922	2681
4487	1799	2950
4487	1803	2950
4490	16002	135
4490	16003	135
4490	16020	135
4492	8904	482
4492	8907	482
4495	10160	1438
4495	18533	1355
4507	16021	135
4511	45511	24119
4511	45512	24119
4511	76322	30905
4513	16024	135
4515	11057	1709
4515	13143	1079
4519	6171	5676
4519	80189	30092
4520	1805	2950
4520	38484	1193
4535	279849	7504
4535	279852	7504
4535	279856	7504
4545	9166	4602
4546	16781	28900
4546	16812	28900
4546	16813	28900
4549	39615	2609
4549	39620	2609
4563	26441	1622
4563	26445	1622
4563	26447	1622
4570	102353	19831
4570	14911	10991
4570	24733	3800
4570	56594	18465
4572	112375	24869
4572	112381	24869
4572	112383	24869
4572	64670	24869
4576	66268	2885
4576	66270	2885
4576	66274	2885
4576	66275	2885
4583	16043	135
4583	16044	135
4583	17998	3810
4586	19665	24210
4586	61758	35587
4586	61776	35587
4586	96498	5965
4590	18004	3810
4590	18005	3810
4590	18006	3810
4591	14356	4927
4591	16221	30031
4592	22178	2600
4592	22179	2600
4592	26872	2600
4594	901	2775
4594	902	2775
4595	45204	12441
4595	45217	12441
4595	45218	12441
4598	2503	19066
4598	6176	5676
4599	21274	13728
4629	19366	28613
4640	19187	135
4640	19188	135
4640	19189	135
4652	27525	3021
4659	12464	2848
4659	12465	2848
4659	26488	2848
4659	26489	2848
4660	25046	36951
4660	25053	36951
4660	25054	36951
4667	102196	158
4667	92220	1278
4667	92224	1278
4680	16026	135
4680	16041	135
4680	16042	135
4681	13056	2158
4687	28005	4624
4687	43336	14021
4687	43337	14021
4693	17503	16566
4693	17508	16566
4693	28003	4624
4697	100165	20962
4697	100174	20962
4697	92150	13441
4697	92179	13441
4699	12472	2848
4701	15046	6933
4701	15273	11953
4703	59231	35211
4703	73029	15766
4705	16048	135
4705	94462	10390
4705	94467	10390
4705	94473	10390
4706	18009	3810
4706	28494	1441
4706	28495	1441
4710	17347	10150
4710	24606	4964
4710	24607	4964
4710	964	1572
4712	49746	11417
4712	60531	6424
4712	93896	110
4719	25765	29786
4719	25766	29786
4731	58193	24968
4731	95870	8660
4731	95875	8660
4733	6398	2021
4734	220951	19289
4734	220952	19289
4738	291945	19221
4738	291957	19221
4738	58078	1365
4741	27757	13437
4742	41609	17811
4742	74181	30754
4744	31668	11377
4744	4158	2046
4744	83616	19347
4748	25901	26041
4748	28399	26117
4750	12478	2848
4750	26486	2848
4750	26487	2848
4757	1811	2950
4766	1814	2950
4767	66411	18883
4770	25951	3050
4771	29403	3634
4771	29406	3634
4771	6409	2021
4773	19207	135
4773	25910	24461
4773	25911	24461
4779	111201	23066
4779	54868	26541
4779	85471	36686
4779	85498	36686
4788	294466	43699
4788	91208	15268
4788	94904	5669
4791	25377	14280
4791	25378	14280
4791	25379	14280
4799	25949	3050
4799	25950	3050
4800	38660	3633
4800	73728	19771
4800	73729	19771
4806	26894	2197
4806	26895	2197
4807	26852	15705
4807	26853	15705
4813	248638	21895
4813	248641	21895
4821	27466	1198
4824	36027	21249
4824	36029	21249
4824	36048	21249
4830	25898	26041
4830	25904	26041
4831	18525	6987
4831	25894	26041
4831	29134	3178
4836	26485	2848
4837	285896	41402
4837	302000	6884
4839	15304	11953
4839	15305	11953
4839	15307	11953
4841	26659	32429
4841	26660	32429
4846	18524	6987
4848	101836	37472
4848	28247	1353
4848	29108	3178
4852	28311	28952
4852	28312	28952
4852	28319	28952
4852	28330	28952
4853	27670	22215
4853	27671	22215
4853	29413	3634
4854	24731	3800
4854	24732	3800
4856	12103	21892
4856	20410	12187
4859	22176	2600
4859	26870	2600
4859	29340	2600
4860	13185	16349
4863	24734	3800
4863	258982	40077
4863	258985	40077
4863	32138	4032
4872	20425	12187
4872	20426	12187
4894	7788	9072
4898	20016	17189
4898	28461	7345
4899	32637	2515
4899	32639	2515
4899	32658	2515
4910	14124	4537
4910	14125	4537
4910	27683	22215
4915	113765	13104
4915	245690	17611
4926	23281	22002
4926	23311	22002
4930	20046	17189
4930	20048	17189
4931	28242	1353
4931	28257	1353
4936	28619	11069
4936	64719	14916
4936	65528	24876
4945	29090	3178
4945	29091	3178
4945	29092	3178
4948	28002	4624
4948	28015	4624
4948	28016	4624
4955	28244	1353
4955	28245	1353
4957	23295	22002
4957	30119	10359
4957	36386	7891
4958	11613	19499
4959	28865	3622
4959	28894	3622
4964	30587	24873
4965	27767	13437
4965	27768	13437
4967	26520	2848
4967	26553	24714
4967	28868	3622
4967	3586	2770
4969	58757	33405
4969	73974	36279
4969	73975	36279
4970	29093	3178
4970	29095	3178
4973	24514	30908
4973	24515	30908
4973	24516	30908
4973	44575	16317
4979	26551	24714
4979	26563	24714
4991	6180	5676
4991	6181	5676
4992	23283	22002
4992	41797	10540
4992	41806	10540
4993	40677	22088
4993	40688	22088
5000	30597	24873
5002	70998	28700
5002	72876	5734
5005	21379	3722
5007	31603	1560
5007	31609	1560
5009	2500	19066
5009	29142	3178
5009	29143	3178
5012	31089	21004
5012	31097	21004
5012	80192	30092
5013	31085	21004
5013	31099	21004
5013	31101	21004
5019	274728	41932
5019	38670	3633
5019	44339	1587
5022	29405	3634
5022	29411	3634
5023	1185	955
5023	33395	24811
5023	33399	24811
5023	41918	6746
5029	30593	24873
5029	31091	21004
5029	80197	30092
5036	18450	6626
5036	18451	6626
5038	15789	1000010
5038	31917	9869
5038	34576	12587
5038	56723	3600
5039	1188	955
5039	1189	955
5043	28396	26117
5043	28401	26117
5043	28402	26117
5044	30592	24873
5044	30602	24873
5045	1196	955
5045	1197	955
5045	23290	22002
5049	25947	3050
5054	1187	955
5054	18527	6987
5060	15556	3437
5060	15562	3437
5060	15563	3437
5062	294697	1624
5062	294700	1624
5063	32451	9405
5076	284283	41630
5076	287393	43005
5076	61727	35587
5077	38099	1629
5077	38105	1629
5077	38108	1629
5082	16015	135
5082	34543	18004
5082	34548	18004
5092	28462	7345
5092	28465	7345
5093	26496	2848
5093	29101	3178
5093	39749	2848
5093	48377	2848
5101	40462	33146
5101	67853	5696
5101	67854	5696
5104	33406	24811
5104	33407	24811
5105	28233	1353
5105	28240	1353
5105	28241	1353
5115	26947	24020
5115	26950	24020
5115	26951	24020
5118	111610	22699
5118	111612	22699
5118	40456	33146
5118	40477	33146
5123	29120	3178
5123	34572	12587
5126	27504	1198
5126	34483	1399
5126	36956	32393
5132	26564	24714
5132	28304	5066
5132	33409	24811
5132	33410	24811
5133	30591	24873
5133	80690	27826
5136	24633	4964
5136	5094	7025
5136	53512	3045
5139	30105	10359
5139	30106	10359
5139	61422	361
5141	26932	24020
5141	26943	24020
5141	26995	24020
5142	33396	24811
5142	36377	7891
5142	36586	2300
5142	36600	2300
5147	32135	4032
5147	32136	4032
5147	32137	4032
5152	29465	28725
5152	81825	2569
5152	81827	2569
5154	26558	24714
5154	26559	24714
5154	6174	5676
5157	47237	15437
5157	47238	15437
5157	47239	15437
5163	18515	6987
5163	39921	24874
5164	19197	135
5164	19198	135
5164	19211	135
5164	26960	24020
5164	26980	24020
5172	29468	28725
5181	2488	19066
5181	2489	19066
5181	2490	19066
5183	116605	4991
5183	29124	3178
5183	66175	1948
5183	68763	13110
5185	24763	3800
5185	24767	3800
5185	24770	3800
5185	24772	3800
5186	7793	9072
5189	37999	1446
5189	56574	18465
5189	59288	18776
5190	87766	38117
5190	87791	38117
5192	19396	1079
5192	19397	1079
5198	204974	4300
5198	204975	4300
5199	18509	6987
5199	36965	32393
5206	19376	28613
5217	24510	30908
5220	112590	41666
5220	69517	12177
5220	69519	12177
5224	35439	1164
5224	35453	1164
5224	35456	1164
5230	4844	7277
5230	4863	7277
5230	4879	7277
5233	28389	26117
5233	28390	26117
5233	39051	33020
5239	31629	1560
5239	32139	4032
5242	35921	2893
5242	35926	2893
5244	54280	33695
5244	59146	34277
5244	73127	21333
5245	3984	1549
5246	30101	10359
5246	5084	7025
5248	2163	34580
5248	24760	3800
5248	34498	1399
5248	34499	1399
5248	34500	1399
5252	4860	7277
5252	4868	7277
5252	4876	7277
5261	19371	28613
5261	19373	28613
5266	34501	1399
5266	41151	1399
5269	26555	24714
5271	10982	5670
5271	34505	1399
5271	34506	1399
5278	3072	3154
5278	40890	1858
5278	40897	1858
5280	204996	4300
5280	204997	4300
5285	41928	6746
5285	48598	3438
5285	53181	18464
5285	80687	27826
5287	39165	2860
5290	26685	32429
5290	39475	10337
5293	82020	8913
5296	26679	32429
5296	26680	32429
5299	34546	18004
5299	34547	18004
5304	109507	13372
5304	55856	6955
5319	42637	16158
5319	64075	34259
5319	84357	35710
5321	53046	24875
5321	8590	14168
5322	7678	4761
5322	7679	4761
5322	7680	4761
5325	36587	2300
5325	50109	2300
5328	204986	4300
5333	37092	27726
5333	5083	7025
5333	5097	7025
5337	37090	27726
5338	24615	4964
5338	24640	4964
5338	284437	39159
5339	14133	4537
5339	14134	4537
5340	8682	2435
5340	8685	2435
5350	205002	4300
5350	205003	4300
5355	10766	26862
5355	10767	26862
5355	35477	12176
5361	27491	1198
5361	27492	1198
5375	40162	17988
5375	40169	17988
5375	40170	17988
5379	15784	1000010
5379	44344	1587
5386	28384	26117
5386	4145	2046
5386	8684	2435
5389	41911	6746
5389	4861	7277
5390	24512	30908
5390	30096	10359
5390	30102	10359
5393	19218	135
5393	19219	135
5400	34478	1399
5400	34479	1399
5400	3587	2770
5401	102526	37756
5401	39508	4204
5401	39515	4204
5405	121045	1184
5405	19212	135
5405	19220	135
5412	39899	24874
5424	280358	15202
5424	291111	38172
5424	291181	43429
5424	296464	43833
5429	210770	27067
5439	31624	1560
5439	31625	1560
5442	32873	9983
5442	41168	1399
5442	41169	1399
5445	21280	13728
5445	21282	13728
5448	19208	135
5448	19209	135
5456	24741	3800
5456	58161	18734
5456	62014	19323
5456	62043	19323
5459	41260	31100
5460	18031	368
5460	24509	30908
5463	39173	2860
5463	39174	2860
5468	112587	41666
5468	43611	4940
5468	55142	20473
5468	58929	113
5471	280362	15202
5471	284429	39159
5471	284440	39159
5480	41606	17811
5480	41791	10540
5480	41798	10540
5484	24317	5516
5484	24318	5516
5487	41940	6746
5487	4873	7277
5489	10988	5670
5489	65803	3529
5506	69895	780
5506	69896	780
5513	39476	10337
5513	39477	10337
5514	19192	135
5514	19193	135
5519	39478	10337
5519	39481	10337
5536	43358	340
5536	43359	340
5536	43363	340
5538	224746	34894
5538	64717	14916
5538	70919	12672
5543	27761	13437
5545	52067	14681
5545	52072	14681
5545	66398	18883
5545	66419	18883
5561	39621	2609
5561	41615	17811
5561	41616	17811
5565	40589	12788
5567	22441	15469
5567	22447	15469
5569	40540	12788
5570	73846	3075
5570	73847	3075
5570	73848	3075
5583	38026	30973
5583	41259	31100
5583	41919	6746
5588	39648	2609
5588	68188	965
5588	68192	965
5604	26956	24020
5604	26982	24020
5604	26987	24020
5606	54666	4605
5606	54667	4605
5618	48830	4599
5618	48831	4599
5620	40466	33146
5620	40469	33146
5620	40470	33146
5620	40471	33146
5622	19214	135
5622	41172	1399
5622	44585	16317
5622	44586	16317
5628	22450	15469
5628	47230	15437
5628	47240	15437
5628	47241	15437
5635	44582	16317
5635	53458	4357
5635	58137	18734
5636	41790	10540
5636	41792	10540
5636	41795	10540
5636	57477	13015
5637	41166	1399
5637	41170	1399
5639	40744	14420
5641	32124	4032
5641	39772	2848
5649	40561	12788
5649	40563	12788
5649	40567	12788
5649	40582	12788
5652	19215	135
5652	39938	22775
5653	46179	30689
5653	46266	12317
5655	46267	12317
5655	46268	12317
5656	44576	16317
5656	44577	16317
5660	101854	36401
5660	101883	36401
5660	101884	36401
5660	101892	36401
5661	32891	9983
5661	32892	9983
5661	32901	9983
5665	38051	23296
5665	38052	23296
5671	24628	4964
5671	50453	4965
5671	50454	4965
5671	50486	4965
5672	75791	3440
5672	88363	13029
5672	88367	13029
5678	43301	14021
5678	43302	14021
5678	43303	14021
5682	32875	9983
5682	32876	9983
5682	32877	9983
5683	32865	9983
5683	32866	9983
5683	32879	9983
5684	46240	2300
5684	46243	2300
5688	15787	1000010
5688	41232	13610
5694	64025	13202
5694	64029	13202
5694	64038	13202
5700	44605	16317
5700	51744	98
5700	51758	98
5703	47198	9746
5703	47212	9746
5712	48842	4599
5712	48848	4599
5717	100145	20726
5717	61421	361
5717	94876	485
5719	233352	13611
5719	233361	13611
5719	41217	13610
5720	48302	3266
5720	48807	4599
5723	43296	14021
5723	43306	14021
5723	49750	11417
5724	13364	2351
5725	44938	1325
5725	48803	4599
5725	50452	4965
5727	47030	8128
5727	47032	8128
5731	50776	721
5731	50777	721
5731	50778	721
5733	55091	1697
5733	55099	1697
5735	48575	3438
5740	39910	24874
5740	97593	5061
5740	97610	5061
5746	48361	2848
5746	48362	2848
5750	100289	27448
5750	35690	10800
5756	305214	35941
5756	305216	35941
5756	50266	4405
5756	80689	27826
5764	299665	38804
5765	231844	19069
5765	231845	19069
5765	87740	34181
5767	48579	3438
5772	43315	14021
5772	43316	14021
5772	43330	14021
5772	43331	14021
5776	46889	21069
5778	12761	7882
5778	54535	32628
5781	52134	15096
5781	52135	15096
5781	52137	15096
5784	36627	2488
5784	61948	18857
5784	61949	18857
5789	57158	5118
5789	57195	5118
5789	70653	21854
5791	31920	9869
5791	31921	9869
5796	49593	10466
5796	49594	10466
5796	51153	3642
5796	66357	19324
5802	66347	19324
5802	76043	1734
5802	76044	1734
5808	48608	3438
5808	54425	17854
5809	51162	3642
5809	51163	3642
5809	58763	33405
5810	8674	2435
5810	8689	2435
5825	50883	26282
5825	53035	2842
5826	48845	4599
5826	53496	3045
5826	53497	3045
5831	87174	34661
5831	98684	4051
5831	98689	4051
5837	39905	24874
5840	54188	34610
5840	54193	34610
5849	50873	26282
5849	50962	6950
5849	50963	6950
5849	50964	6950
5854	287849	12980
5854	50960	6950
5860	64970	9963
5860	67891	2613
5860	72190	14874
5867	48852	4599
5868	54659	4605
5868	55088	1697
5868	66166	1948
5874	52159	30601
5874	52160	30601
5876	10347	17611
5876	8675	2435
5883	59268	18776
5886	27508	1198
5890	44534	4792
5890	72186	14874
5890	72188	14874
5893	1312	244
5893	54390	5962
5893	54391	5962
5894	64095	35196
5894	64098	35196
5894	64100	35196
5895	34615	12587
5895	34622	12587
5895	34629	12587
5906	52158	30601
5906	59283	18776
5909	107621	6069
5909	111961	36423
5909	287837	12980
5910	53048	24875
5910	53143	31184
5911	48574	3438
5911	52164	30601
5913	40745	14420
5914	52087	14681
5914	52088	14681
5918	46890	21069
5929	48603	3438
5929	57805	12067
5933	104482	12234
5933	73033	15766
5933	91994	5202
5935	43305	14021
5935	43322	14021
5935	55927	31243
5940	54016	1751
5940	54613	29021
5949	54612	29021
5949	65529	24876
5949	65530	24876
5951	233090	24775
5951	57347	24554
5951	57348	24554
5952	50948	6950
5952	54019	1751
5952	8681	2435
5968	55202	362
5968	61356	35486
5968	71320	10377
5970	54413	17854
5970	54428	17854
5975	54006	1751
5977	46900	21069
5979	42000	4071
5979	42001	4071
5979	42002	4071
5979	42005	4071
5980	22680	9455
5983	39652	2609
5983	39666	2609
5983	39668	2609
5983	39669	2609
5984	56837	171
5984	56840	171
5984	63095	5874
5985	300208	472
5985	300225	472
5985	63885	8101
5993	19639	24210
5993	19685	24210
5993	36961	32393
6000	55211	362
6000	86686	35862
6003	58761	33405
6006	57831	19910
6006	60480	35450
6006	60489	35450
6009	57639	27435
6009	57643	27435
6009	57646	27435
6010	56787	34912
6010	56788	34912
6014	32856	9983
6014	32886	9983
6014	32904	9983
6019	3185	1831
6025	56405	12081
6025	58759	33405
6025	58760	33405
6030	57826	19910
6030	57827	19910
6030	70988	28700
6032	56222	15419
6032	58192	24968
6035	58142	18734
6035	74040	19325
6035	80463	24433
6037	59234	35211
6037	59239	35211
6038	56777	34912
6038	56778	34912
6051	54419	17854
6051	54421	17854
6051	61724	35587
6054	41610	17811
6054	41614	17811
6060	106611	1911
6060	58090	273
6064	300880	44326
6064	56165	34944
6064	56168	34944
6065	109178	40921
6065	111797	20151
6070	63485	33800
6070	86744	1184
6070	86745	1184
6072	54656	4605
6072	67782	9487
6072	89736	9378
6075	57154	5118
6075	57156	5118
6076	51653	5225
6076	51654	5225
6076	51655	5225
6077	56146	34221
6077	58755	33405
6077	58756	33405
6078	54007	1751
6078	54013	1751
6080	233342	6456
6080	58012	6711
6080	58025	6711
6081	41997	4071
6081	41998	4071
6081	42010	4071
6082	56174	34944
6082	56175	34944
6084	2159	34580
6087	50469	4965
6087	63225	17226
6087	63229	17226
6088	34570	12587
6088	34571	12587
6097	293616	25546
6097	293619	25546
6097	293621	25546
6098	57836	19910
6098	57837	19910
6099	230928	21087
6099	67860	5696
6099	69550	5960
6102	56170	34944
6102	56178	34944
6104	58843	21647
6104	58845	21647
6106	58195	24968
6106	58196	24968
6111	59777	33917
6111	59779	33917
6111	59791	33917
6115	58433	3030
6115	58776	33405
6115	58778	33405
6119	48032	308
6120	14976	30006
6120	56179	34944
6121	8686	2435
6121	9014	6308
6123	59150	12600
6123	59186	12600
6126	10992	5670
6127	14967	30006
6127	2344	1477
6127	53038	24875
6128	63240	19717
6128	63241	19717
6128	63244	19717
6131	229040	32534
6131	57188	5118
6135	41994	4071
6135	41995	4071
6138	93182	3053
6138	93186	3053
6138	93188	3053
6139	58868	15741
6139	58869	15741
6145	54683	4605
6145	54685	4605
6147	34605	12587
6147	34606	12587
6147	34607	12587
6153	59414	32167
6153	62534	1268
6153	62535	1268
6157	40556	12788
6159	39642	2609
6159	50456	4965
6159	58440	3030
6160	44912	137
6167	282391	19994
6167	73972	36279
6167	73973	36279
6173	76445	37348
6173	76448	37348
6173	94652	22108
6177	22698	9455
6177	57662	27435
6177	75790	3440
6178	86034	3282
6181	216552	360
6184	57832	19910
6184	57833	19910
6184	61313	16653
6188	73024	15766
6188	78885	37437
6189	21305	13728
6189	64708	14916
6196	41030	13182
6199	48196	7481
6199	64259	8201
6199	80041	29828
6206	14958	30006
6206	14960	30006
6209	34599	12587
6209	34600	12587
6209	34601	12587
6211	60544	6424
6211	62844	35679
6211	66279	2885
6211	66280	2885
6215	62347	34000
6215	68888	2293
6221	6879	2981
6224	34608	12587
6224	61957	18857
6224	61958	18857
6227	36632	2488
6227	60173	675
6232	36628	2488
6233	36633	2488
6233	61741	35587
6233	61742	35587
6233	61743	35587
6235	36641	2488
6236	52083	14681
6241	61943	18857
6241	61946	18857
6241	66616	12170
6242	26941	24020
6248	298838	9834
6248	302581	33432
6248	91255	20494
6249	102849	62
6249	290631	72
6251	63840	20064
6251	93270	3005
6251	94836	5875
6254	61725	35587
6254	61739	35587
6258	49755	11417
6267	53049	24875
6267	65525	24876
6269	66176	1948
6269	66184	1948
6269	66185	1948
6272	70168	12347
6272	70171	12347
6272	70191	12347
6276	62021	19323
6276	76103	26995
6281	1315	244
6281	65531	24876
6284	63091	5874
6286	69422	5121
6286	75355	15000
6288	63101	5874
6288	63105	5874
6288	63111	5874
6294	85684	19229
6294	86679	35862
6295	244435	3653
6295	64301	8201
6300	39660	2609
6300	39661	2609
6308	68358	28340
6308	68359	28340
6311	63718	16127
6311	63719	16127
6313	66125	6067
6313	66129	6067
6313	76958	20087
6317	54487	16960
6319	275224	8075
6319	57405	11582
6319	64726	14916
6323	10337	17611
6324	64062	34259
6324	64063	34259
6330	62850	35679
6330	62851	35679
6330	66016	35793
6332	64733	14916
6332	64734	14916
6333	39671	2609
6333	39676	2609
6333	39678	2609
6339	65534	24876
6339	65554	24876
6341	64956	9963
6345	64257	8201
6345	93302	39324
6345	93306	39324
6346	60781	3439
6346	60784	3439
6351	64714	14916
6351	65787	2147
6352	83633	2614
6352	88007	19211
6353	63255	19717
6356	271889	40999
6356	271890	40999
6358	73329	13028
6359	64713	14916
6364	65388	7291
6364	65393	7291
6364	66741	35898
6367	65536	24876
6367	74004	24877
6368	230929	21087
6368	39664	2609
6370	26876	2600
6370	92920	25652
6371	63713	16127
6373	65772	2147
6377	34619	12587
6377	34630	12587
6377	34634	12587
6378	61777	35587
6378	61780	35587
6378	61781	35587
6385	220959	19289
6385	34655	12587
6385	34669	12587
6388	64974	9963
6391	65553	24876
6395	84349	35710
6395	86708	1184
6395	87997	19211
6399	278844	4737
6399	278846	4737
6399	278847	4737
6399	278849	4737
6402	102886	23136
6402	105212	32408
6402	105213	32408
6402	62813	35690
6406	88089	7437
6406	89940	24160
6407	66983	921
6407	66985	921
6411	58876	15741
6415	100596	21639
6415	111615	22699
6415	116629	14627
6418	39653	2609
6418	39654	2609
6418	39655	2609
6418	39656	2609
6426	64290	8201
6426	64291	8201
6426	64292	8201
6432	63722	16127
6432	63723	16127
6436	104980	4767
6436	111962	36423
6436	111963	36423
6437	66172	1948
6437	66173	1948
6446	40544	12788
6446	40571	12788
6446	57416	11582
6446	78193	24432
6454	107462	9363
6454	120342	32455
6454	93938	25333
6455	66379	19324
6455	67803	9487
6455	67804	9487
6458	232057	27365
6458	61323	16653
6459	70120	11909
6459	70128	11909
6459	77766	35302
6467	56885	34757
6467	62797	35690
6467	94831	5875
6467	97061	11738
6476	57446	13015
6476	96661	2395
6482	289558	6067
6482	77509	7964
6482	98857	3475
6482	98864	3475
6484	67787	9487
6484	69649	5079
6484	69655	5079
6488	66120	6067
6488	66121	6067
6492	68353	28340
6492	68369	28340
6494	60774	3439
6494	60800	3439
6494	60801	3439
6497	234067	6005
6497	234100	6005
6497	234106	6005
6499	57667	27435
6499	87508	33701
6499	91098	38355
6505	231836	19069
6505	231837	19069
6505	231838	19069
6506	10073	22000
6506	73020	15766
6509	67147	6500
6509	76574	5136
6510	62516	1268
6510	62558	1268
6512	67886	2613
6512	72577	2613
6513	67788	9487
6513	71944	26654
6513	71946	26654
6518	66464	1953
6518	66465	1953
6518	66470	1953
6519	231834	19069
6519	69411	5121
6519	69412	5121
6529	62554	1268
6529	62556	1268
6531	61334	16653
6533	399	5682
6534	64469	15992
6534	64470	15992
6534	71091	14382
6535	114962	41921
6535	66371	19324
6538	81843	5207
6538	81858	5207
6538	81859	5207
6539	66391	18883
6539	66420	18883
6539	66421	18883
6540	232291	4298
6540	62512	1268
6544	231862	19069
6544	67863	5696
6544	71420	16204
6548	39672	2609
6548	65924	4002
6548	96095	11451
6549	71114	14382
6549	71115	14382
6549	71118	14382
6550	53320	2048
6550	53343	2048
6550	65820	3529
6553	82558	12383
6553	86683	35862
6555	397	5682
6555	398	5682
6557	65546	24876
6557	66462	1953
6563	285357	793
6563	63821	20064
6567	53342	2048
6568	68352	28340
6568	69911	780
6568	79375	14552
6574	120583	1249
6574	70753	84
6574	70756	84
6575	67584	23449
6575	67592	23449
6583	48224	7481
6583	66269	2885
6583	66463	1953
6590	64282	8201
6590	64283	8201
6590	64285	8201
6594	68896	2293
6594	68897	2293
6599	38590	11954
6599	38591	11954
6609	111351	21686
6609	111356	21686
6609	111359	21686
6610	34596	12587
6610	65818	3529
6610	70916	12672
6614	67845	5696
6614	67846	5696
6614	67847	5696
6620	283138	4320
6625	39674	2609
6625	39680	2609
6625	60547	6424
6625	70995	28700
6625	73085	1046
6627	67844	5696
6627	67850	5696
6636	72296	36638
6636	74078	970
6636	74110	970
6636	74113	970
6637	69607	13782
6637	71405	16204
6641	64718	14916
6643	67851	5696
6643	67857	5696
6643	67858	5696
6652	70974	28700
6652	70975	28700
6660	103629	9798
6660	103647	9798
6660	97655	683
6668	34612	12587
6668	34648	12587
6670	112764	36668
6670	296083	43898
6670	84209	25429
6673	72311	36638
6674	71396	16204
6674	71397	16204
6674	71400	16204
6676	275138	1627
6676	280387	15202
6676	71414	16204
6683	63839	20064
6683	63841	20064
6683	67218	26500
6685	70976	28700
6685	70977	28700
6686	216563	360
6687	119383	37149
6687	119384	37149
6687	119386	37149
6689	64264	8201
6689	64286	8201
6690	73073	1046
6690	73075	1046
6694	70837	3076
6695	252325	33556
6695	252334	33556
6695	71407	16204
6696	68773	13110
6696	73295	13028
6696	73296	13028
6701	71401	16204
6701	71402	16204
6701	71404	16204
6705	74242	26448
6705	74243	26448
6705	74244	26448
6707	73028	15766
6707	77346	3797
6707	77351	3797
6709	74022	19325
6709	74041	19325
6709	74047	19325
6709	80475	24433
6709	81688	24434
6713	56749	3600
6724	73990	24877
6724	73991	24877
6724	74002	24877
6726	56640	1674
6726	93466	39374
6727	10344	17611
6733	59185	12600
6733	74807	7401
6733	97084	24711
6735	284431	39159
6735	66412	18883
6735	96163	11229
6741	253244	2271
6741	253270	2271
6741	79958	37381
6743	72306	36638
6746	72302	36638
6747	76101	26995
6747	76145	5703
6749	53254	169
6749	53256	169
6749	74575	33504
6749	76160	5703
6752	74795	7401
6752	74796	7401
6753	76097	26995
6753	76098	26995
6753	76099	26995
6754	107482	30853
6754	107484	30853
6754	107485	30853
6754	283198	2866
6758	72288	36638
6763	74797	7401
6763	74798	7401
6773	76039	1734
6777	76694	914
6777	76701	914
6782	61316	16653
6784	76150	5703
6784	76151	5703
6784	76152	5703
6788	111574	10513
6788	92420	8642
6788	96241	38427
6792	73035	15766
6792	73039	15766
6794	73984	24877
6798	77736	10338
6798	77737	10338
6798	77739	10338
6798	77740	10338
6804	79287	2049
6804	79288	2049
6807	105654	19213
6807	106437	39206
6818	68772	13110
6818	76332	30905
6821	276753	19831
6821	74179	30754
6821	74180	30754
6828	64738	14916
6828	68770	13110
6829	68769	13110
6829	68771	13110
6836	61803	35587
6836	61804	35587
6836	76549	5136
6841	88291	753
6841	88294	753
6846	76681	914
6848	252322	33556
6848	252323	33556
6848	76049	1734
6849	69603	13782
6853	12339	30970
6865	95959	10056
6865	95963	10056
6865	95969	10056
6875	76999	9808
6877	77361	3797
6877	79973	37381
6880	216547	360
6882	79969	37381
6882	79975	37381
6882	86794	1184
6883	66623	12170
6883	79964	37381
6883	79967	37381
6892	256224	35499
6892	256226	35499
6892	278268	42214
6895	92805	2776
6895	92806	2776
6895	96175	11229
6902	89165	9664
6902	89167	9664
6904	262291	9192
6904	262305	9192
6906	65918	4002
6906	65919	4002
6912	70845	3076
6912	70847	3076
6913	80509	4301
6914	119258	43249
6914	280389	15202
6914	284528	1597
6918	47541	10800
6918	61317	16653
6923	82334	2024
6923	82335	2024
6923	82337	2024
6924	114452	2816
6924	291608	18439
6924	291609	18439
6925	80680	27826
6927	86043	3282
6927	86045	3282
6927	87732	34181
6930	75918	2681
6930	76324	30905
6930	81414	13158
6937	112761	36668
6937	262269	9192
6938	70848	3076
6943	64094	35196
6943	85168	21975
6943	85172	21975
6945	60535	6424
6947	53261	169
6947	53262	169
6947	53263	169
6947	53264	169
6950	86713	1184
6950	86822	1184
6950	86823	1184
6951	79737	11667
6954	76168	5703
6954	76579	5136
6956	76046	1734
6956	81870	4379
6962	47545	10800
6963	81511	4037
6965	277898	1870
6965	277899	1870
6965	291718	32069
6967	50150	2505
6967	50152	2505
6974	258420	6150
6978	86037	3282
6978	92210	25907
6978	92211	25907
6978	92936	25652
6981	70843	3076
6993	83606	19347
6993	83607	19347
7000	83696	38188
7000	83706	38188
7000	83708	38188
7001	12337	30970
7008	34652	12587
7008	34667	12587
7009	2331	1477
7009	83683	38188
7011	66622	12170
7012	75354	15000
7012	81370	41546
7012	82949	32620
7018	75788	3440
7018	75789	3440
7021	79730	11667
7021	79740	11667
7021	79759	11667
7021	85628	26177
7026	86941	38490
7026	86943	38490
7026	86946	38490
7030	64588	19209
7046	80695	27826
7046	83701	38188
7046	85651	26177
7051	259009	40077
7055	85634	26177
7055	87276	17498
7059	77897	7502
7059	77900	7502
7059	88364	13029
7061	85635	26177
7061	85640	26177
7061	88086	38675
7062	75816	3440
7062	80029	29828
7062	96512	5965
7065	74573	33504
7065	74597	33504
7065	74598	33504
7067	76047	1734
7067	76048	1734
7069	246889	5976
7069	246892	5976
7069	246893	5976
7069	246904	5976
7073	114963	41921
7073	83692	38188
7073	92170	13441
7078	271888	40999
7079	2333	1477
7079	2343	1477
7079	89644	19459
7085	2327	1477
7085	75807	3440
7085	75810	3440
7090	91801	5720
7092	56730	3600
7095	88483	20248
7095	88484	20248
7095	88489	20248
7096	80685	27826
7097	73688	19771
7097	80037	29828
7105	2330	1477
7105	2340	1477
7107	245689	17611
7113	86041	3282
7117	86710	1184
7117	86732	1184
7120	118112	15263
7120	76055	1734
7121	86787	1184
7121	88076	38675
7125	87278	17498
7126	59167	12600
7126	59175	12600
7127	75946	2681
7127	75947	2681
7128	84121	33277
7128	84122	33277
7131	75934	2681
7131	92815	2776
7131	92917	25652
7134	67200	26500
7134	67233	26500
7135	2346	1477
7135	80032	29828
7135	80033	29828
7138	291943	19221
7138	291944	19221
7138	291964	19221
7138	73705	19771
7139	75360	15000
7139	75362	15000
7139	88748	11097
7140	72205	14874
7140	72210	14874
7140	72212	14874
7143	88743	11097
7143	88749	11097
7145	87280	17498
7147	80028	29828
7148	59157	12600
7148	7763	10378
7148	82991	2866
7150	111618	22699
7150	118730	7098
7150	118731	7098
7150	2338	1477
7155	10644	4939
7155	249840	13010
7169	89735	9378
7170	281510	5131
7170	281512	5131
7170	291969	19221
7176	88083	38675
7176	92135	13441
7177	120275	17807
7177	258965	40077
7177	258977	40077
7178	34644	12587
7178	34645	12587
7188	104637	6068
7188	107627	6069
7188	82904	9267
7189	74189	30754
7189	75356	15000
7189	77777	35302
7190	90542	34468
7190	90543	34468
7197	66277	2885
7197	66278	2885
7198	76169	5703
7198	80652	2691
7198	80654	2691
7199	84006	1574
7199	84007	1574
7199	84008	1574
7205	50138	2505
7205	64110	35196
7205	64112	35196
7205	64127	35196
7205	96093	11451
7208	7768	10378
7208	7772	10378
7215	91628	1000007
7215	91630	1000007
7218	80699	27826
7218	86688	35862
7220	77905	7502
7220	77907	7502
7220	77911	7502
7223	90845	19207
7223	92822	2776
7226	86964	38556
7226	86965	38556
7228	98202	1400
7228	98227	1400
7228	98238	1400
7229	80656	2691
7229	80665	2691
7238	107675	7128
7238	91112	2518
7239	63500	33800
7240	108066	17504
7240	92200	25907
7240	92202	25907
7241	90850	19207
7241	90852	19207
7242	275146	1627
7242	275160	1627
7242	275168	1627
7245	104886	2679
7245	104888	2679
7245	104890	2679
7246	110053	40901
7246	275881	40367
7246	63505	33800
7246	86779	1184
7247	101864	36401
7247	77778	35302
7247	94108	29306
7250	86746	1184
7255	281336	16140
7255	281345	16140
7255	291500	18193
7258	91902	39119
7258	91905	39119
7258	91906	39119
7263	86687	35862
7264	92310	18018
7264	92314	18018
7264	92316	18018
7265	74918	2524
7265	74923	2524
7276	284424	39159
7276	90847	19207
7276	92427	8642
7277	105388	60
7277	106404	9107
7277	106407	9107
7278	104730	20183
7278	246956	5976
7278	91083	35950
7285	72200	14874
7285	72207	14874
7286	92930	25652
7286	92935	25652
7294	86026	3282
7294	92934	25652
7297	275885	40367
7297	92812	2776
7299	88365	13029
7301	92166	13441
7302	86814	1184
7302	86815	1184
7307	276146	7481
7307	91998	5202
7307	92008	5202
7312	92432	8642
7313	91072	35950
7314	77782	35302
7314	93276	3005
7314	93277	3005
7315	104382	10463
7315	86682	35862
7315	86809	1184
7316	10642	4939
7318	96151	11229
7318	96168	11229
7320	104988	4767
7320	287379	1282
7320	93280	3005
7326	245693	17611
7326	96553	443
7327	93283	3005
7327	93289	3005
7327	96491	5965
7327	96492	5965
7331	86025	3282
7331	86027	3282
7331	86047	3282
7333	94827	5875
7333	94828	5875
7333	94829	5875
7335	290365	10615
7337	89742	9378
7337	92819	2776
7338	81521	4037
7338	92139	13441
7338	92154	13441
7338	92174	13441
7339	86765	1184
7339	86804	1184
7342	254918	24777
7342	73961	36279
7346	91900	39119
7348	275164	1627
7348	294687	1624
7348	86748	1184
7354	87667	38573
7354	87676	38573
7357	94126	29306
7357	94127	29306
7360	86712	1184
7360	86776	1184
7367	86737	1184
7376	64577	19209
7376	92940	25652
7376	96150	11229
7383	95441	9908
7384	84010	1574
7387	279272	3795
7387	96092	11451
7387	97901	9052
7389	175357	22759
7389	292563	39592
7389	295014	9618
7389	296084	43898
7391	60445	22396
7392	105664	19213
7392	105672	19213
7392	94500	19212
7395	89880	38326
7395	89882	38326
7398	98876	26020
7398	98877	26020
7398	98878	26020
7398	98880	26020
7402	59171	12600
7402	90848	19207
7408	255932	1184
7408	255943	1184
7408	256039	1184
7416	103126	36221
7423	89164	9664
7423	89169	9664
7424	98598	37915
7424	98608	37915
7424	98623	37915
7433	261115	5162
7433	89646	19459
7433	89651	19459
7433	89656	19459
7434	75939	2681
7434	96672	2395
7436	97461	6692
7436	97462	6692
7436	97467	6692
7437	117899	15776
7437	96153	11229
7437	96157	11229
7437	99249	39971
7445	94522	19212
7445	94523	19212
7445	94526	19212
7447	91186	18284
7447	91187	18284
7448	111703	1571
7460	104483	12234
7460	92002	5202
7463	96494	5965
7463	99909	12314
7463	99912	12314
7467	261121	5162
7467	69610	13782
7475	232691	17
7478	98644	32449
7478	98645	32449
7480	93348	2866
7481	101276	641
7484	39971	852
7491	110524	15145
7491	114605	35117
7491	114606	35117
7492	105653	19213
7492	87279	17498
7492	99101	39843
7495	102612	8874
7495	252341	33556
7495	252342	33556
7498	99122	39843
7498	99124	39843
7498	99156	39843
7498	99157	39843
7502	100425	5803
7502	100426	5803
7502	100439	5803
7502	100440	5803
7505	258958	40077
7505	258964	40077
7505	83618	19347
7507	100422	5803
7507	100453	5803
7507	100454	5803
7507	100463	5803
7507	100660	20559
7510	282528	43425
7510	282529	43425
7510	282967	15263
7511	102419	28572
7511	102420	28572
7512	98636	32449
7514	96429	9180
7515	100431	5803
7515	220979	19289
7515	220980	19289
7517	100429	5803
7517	100437	5803
7517	100442	5803
7518	86741	1184
7520	258954	40077
7520	258986	40077
7522	69612	13782
7525	101265	641
7525	92915	25652
7538	100043	951
7538	100044	951
7538	100045	951
7540	101258	641
7540	101262	641
7540	101799	25817
7552	87290	17498
7553	101278	641
7553	101289	641
7555	101283	641
7555	105394	60
7556	103535	6991
7556	103536	6991
7556	93308	39324
7558	89894	38326
7559	96246	38427
7559	96247	38427
7561	258992	40077
7561	258994	40077
7565	101281	641
7565	101287	641
7569	102232	6812
7569	102240	6812
7584	101856	36401
7584	101882	36401
7584	266228	14566
7585	96245	38427
7594	101832	37472
7594	81881	4379
7594	91192	18284
7597	101858	36401
7597	101859	36401
7597	101877	36401
7601	101619	3600
7601	101622	3600
7601	175351	22759
7601	291468	13042
7603	274560	2150
7607	89899	38326
7608	115034	4227
7609	39979	852
7618	102366	19831
7618	102367	19831
7618	102372	19831
7635	105409	60
7635	105661	19213
7640	102465	13220
7640	104647	6068
7640	111784	20151
7641	96252	38427
7641	96670	2395
7641	96684	2395
7644	104722	20183
7647	102250	6812
7649	96667	2395
7649	96682	2395
7649	99140	39843
7654	258963	40077
7657	104717	20183
7665	104978	4767
7665	104979	4767
7672	108627	2149
7672	96507	5965
7672	96509	5965
7679	113325	30127
7679	276767	1019
7679	276769	1019
7683	103530	6991
7687	107687	7128
7688	105390	60
7688	109656	2295
7688	112187	1805
7691	108625	2149
7691	293948	42056
7697	105815	7088
7697	105817	7088
7697	245712	17611
7697	245715	17611
7699	105389	60
7699	105399	60
7700	92919	25652
7700	92925	25652
7702	292568	39592
7702	96101	11451
7704	106965	10880
7704	106969	10880
7704	106974	10880
7705	101578	1014
7705	101579	1014
7705	101580	1014
7708	290368	10615
7708	293973	43538
7708	296091	43898
7713	106729	606
7713	106733	606
7713	106738	606
7717	104491	12234
7717	105405	60
7720	105167	1401
7720	105168	1401
7729	102255	6812
7730	304534	26033
7730	304535	26033
7730	304541	26033
7732	107517	40591
7732	107520	40591
7733	106800	38840
7737	112594	41666
7737	112595	41666
7737	114039	40393
7739	107483	30853
7739	8592	14168
7746	104992	4767
7746	104993	4767
7749	8591	14168
7752	110522	15145
7752	110526	15145
7752	113336	30127
7754	105383	60
7754	108640	2149
7756	114724	38555
7756	287863	16567
7756	84187	25429
7762	280917	40745
7764	106805	38840
7766	109658	2295
7766	275147	1627
7769	99395	6936
7769	99396	6936
7769	99397	6936
7777	106366	830
7777	106367	830
7780	274562	2150
7783	107486	30853
7783	107487	30853
7786	115688	32530
7786	118675	32755
7786	118693	32755
7789	103120	36221
7789	258266	3441
7794	295947	15164
7794	295948	15164
7794	295955	15164
7795	105407	60
7796	269898	23580
7796	269904	23580
7796	269934	23580
7796	269970	23580
7800	283478	42630
7800	283492	42630
7800	283493	42630
7802	104391	10463
7802	104394	10463
7802	104398	10463
7809	108638	2149
7816	108620	2149
7816	108621	2149
7823	103122	36221
7825	258970	40077
7825	258978	40077
7826	107634	6069
7826	271808	37976
7826	284518	1597
7828	105171	1401
7828	105179	1401
7832	114468	7862
7832	258250	3441
7833	102238	6812
7833	102239	6812
7835	97730	6094
7837	109173	40921
7837	109174	40921
7839	109872	23735
7839	109876	23735
7839	109877	23735
7839	109880	23735
7839	110063	40901
7843	110055	40901
7848	275129	1627
7848	275149	1627
7848	275169	1627
7850	111771	20151
7850	281318	16140
7850	286674	35002
7850	73752	19771
7859	102518	37756
7859	102519	37756
7859	102521	37756
7867	110528	15145
7867	110742	16247
7867	275218	8075
7868	110705	16247
7868	110706	16247
7868	246932	5976
7871	107222	36127
7871	107223	36127
7871	107225	36127
7874	110243	2852
7879	274125	2710
7879	274136	2710
7879	274163	2710
7881	105574	40477
7881	109662	2295
7881	110131	34431
7883	113274	30127
7883	113275	30127
7883	260944	10496
7886	110517	15145
7886	110518	15145
7886	110519	15145
7892	294520	24354
7892	295954	15164
7898	109860	4985
7898	273040	29203
7898	273041	29203
7898	273047	29203
7902	96591	21297
7902	96592	21297
7902	96594	21297
7902	96595	21297
7909	106369	830
7909	106370	830
7910	105673	19213
7910	294690	1624
7910	80534	4301
7912	105669	19213
7912	105670	19213
7923	111564	10513
7923	111569	10513
7923	111572	10513
7923	258989	40077
7925	111766	20151
7925	114279	20097
7925	116154	18656
7925	271896	40999
7926	254948	24777
7926	254949	24777
7932	110056	40901
7932	278228	9189
7932	93470	39374
7933	112597	41666
7933	113272	30127
7933	113273	30127
7938	109179	40921
7938	109180	40921
7938	110127	34431
7938	110128	34431
7939	120318	5961
7939	120325	5961
7939	120330	5961
7942	283384	21291
7942	283400	21291
7942	292240	12933
7945	112011	20357
7945	112012	20357
7946	111913	24852
7946	116281	41790
7949	39970	852
7956	245687	17611
7957	39967	852
7959	109176	40921
7959	109185	40921
7962	110061	40901
7967	104986	4767
7967	117095	41651
7975	280057	24585
7975	280063	24585
7975	280076	24585
7975	280084	24585
7975	280085	24585
7976	105575	40477
7976	110124	34431
7976	110523	15145
7981	112056	27706
7981	112057	27706
7981	112058	27706
7981	112061	27706
7982	110054	40901
7982	245691	17611
7988	113322	30127
7988	113323	30127
7988	114070	3007
7991	102381	19831
7994	258959	40077
7994	258960	40077
7995	276907	6098
7995	276908	6098
7995	280250	1603
7997	111638	22699
7997	111777	20151
7997	275179	8075
8005	113328	30127
8005	113329	30127
8005	113330	30127
8005	113331	30127
8006	112592	41666
8006	112593	41666
8008	271811	37976
8008	271812	37976
8008	271817	37976
8009	282531	42574
8009	282532	42574
8009	283568	25031
8009	284678	42796
8009	291933	19221
8009	292146	43250
8011	111754	20151
8011	117866	15929
8011	280922	40745
8011	291458	13042
8012	273137	45
8012	273138	45
8012	273145	45
8012	273154	45
8014	112586	41666
8014	112602	41666
8014	280382	15202
8015	112690	19214
8015	112691	19214
8023	286247	26098
8023	286250	26098
8023	286253	26098
8028	233366	13611
8028	233382	13611
8033	104515	12234
8033	283463	26950
8033	284028	38469
8033	284029	38469
8040	111641	22699
8040	260923	10496
8040	260924	10496
8042	113762	13104
8042	113769	13104
8042	245695	17611
8044	84190	25429
8044	84200	25429
8044	84206	25429
8050	110238	2852
8051	118101	15263
8051	119902	14055
8051	295385	13042
8057	271826	37976
8057	284428	39159
8057	296395	43930
8058	99402	6936
8058	99403	6936
8063	274112	2710
8063	274115	2710
8063	274116	2710
8063	274117	2710
8066	114256	13384
8066	290047	7026
8066	290901	7026
8071	110067	40901
8071	114972	41921
8071	114975	41921
8072	284670	42796
8075	279229	37660
8075	279233	37660
8075	279239	37660
8080	274558	2150
8080	3961	19264
8087	118165	20321
8087	118174	20321
8087	118180	20321
8087	118726	7098
8088	284756	29607
8095	274345	19215
8095	274346	19215
8095	274348	19215
8097	108005	3600
8097	114971	41921
8097	282406	19994
8098	275181	8075
8098	278252	42214
8098	278278	42214
8108	274318	10624
8108	280354	15202
8108	280359	15202
8112	281876	35123
8112	281888	35123
8113	117384	533
8113	301693	16134
8113	301694	16134
8118	114469	7862
8118	114476	7862
8118	268287	41020
8119	115686	32530
8119	115687	32530
8123	275193	8075
8123	275209	8075
8123	275216	8075
8131	117016	20212
8131	117017	20212
8131	117029	20212
8138	287657	15263
8138	293529	5776
8138	293531	5776
8142	110520	15145
8142	276732	19831
8142	3966	19264
8142	3967	19264
8143	278206	9189
8143	278223	9189
8148	286229	26098
8148	3956	19264
8152	258974	40077
8152	258993	40077
8152	282985	19079
8156	104485	12234
8156	104526	12234
8156	276902	6098
8163	116797	16537
8163	274549	2150
8164	279592	7076
8164	279593	7076
8168	116789	16537
8169	118200	6157
8169	118202	6157
8172	281511	5131
8172	281514	5131
8172	281515	5131
8172	281518	5131
8173	294714	1624
8176	115046	4227
8176	115047	4227
8180	274723	41932
8180	274724	41932
8180	274725	41932
8183	118119	15263
8183	118128	15263
8183	282977	15263
8188	269288	41326
8188	269290	41326
8188	274364	19215
8190	284433	39159
8190	284434	39159
8190	284435	39159
8193	116804	16537
8193	116805	16537
8194	89388	7031
8194	89390	7031
8195	117382	533
8197	278199	9189
8197	278214	9189
8197	278218	9189
8199	118869	42079
8199	284020	38469
8199	289915	44
8200	278197	9189
8200	278238	9189
8208	256238	35499
8208	256239	35499
8215	117570	9097
8215	275203	8075
8215	275211	8075
8222	274378	19215
8222	274379	19215
8222	274380	19215
8224	274381	19215
8224	274384	19215
8225	274374	19215
8225	274375	19215
8225	274376	19215
8226	274369	19215
8226	274371	19215
8228	232690	17
8230	279154	2529
8238	274553	2150
8238	283452	26950
8240	116288	41790
8240	283234	5773
8242	279764	19734
8242	279771	19734
8245	274392	19215
8245	274393	19215
8245	283126	4320
8246	107993	3600
8250	279777	19734
8250	286289	5128
8254	115543	41977
8254	84205	25429
8259	276906	6098
8259	276912	6098
8259	276913	6098
8262	279161	2529
8266	258262	3441
8266	258263	3441
8266	279363	9745
8272	279781	19734
8272	279789	19734
8273	114823	20513
8273	283127	4320
8273	283130	4320
8280	266249	14566
8288	274150	2710
8288	274162	2710
8291	276745	19831
8291	282929	1725
8295	281321	16140
8295	281339	16140
8295	287767	16772
8295	296107	43863
8296	266250	14566
8296	279865	42398
8297	275154	1627
8297	275155	1627
8297	275156	1627
8300	275127	1627
8300	275128	1627
8302	281317	16140
8302	281331	16140
8302	282524	43425
8307	120456	42710
8307	120457	42710
8307	120458	42710
8312	279790	19734
8312	279791	19734
8316	279798	19734
8321	260942	10496
8321	274737	41932
8321	284207	42014
8321	284222	42014
8322	276748	19831
8324	286681	35002
8324	286682	35002
8324	286683	35002
8328	280925	40745
8329	279775	19734
8334	119398	41481
8337	280361	15202
8337	283569	25031
8337	284519	1597
8337	284523	1597
8346	244445	3653
8346	244446	3653
8347	258283	3441
8347	282412	19994
8356	240982	9103
8356	284520	1597
8367	279366	9745
8367	279367	9745
8382	285236	41641
8382	285245	41641
8382	294774	19381
8388	275212	8075
8388	278289	42214
8389	120181	28617
8389	282920	1725
8392	285237	41641
8394	96177	11229
8396	120277	17807
8396	120280	17807
8396	120281	17807
8396	120282	17807
8396	240992	9103
8401	280380	15202
8404	282926	1725
8410	278217	9189
8410	278220	9189
8413	284515	1597
8413	284521	1597
8414	284674	42796
8414	284675	42796
8415	283469	26950
8419	286667	35002
8419	286676	35002
8419	293469	34943
8419	293473	34943
8421	283462	26950
8422	258258	3441
8422	258259	3441
8422	283572	25031
8424	281334	16140
8424	281344	16140
8424	284526	1597
8425	246962	5976
8425	287387	43005
8425	291444	13042
8425	292520	36508
8430	172387	44
8430	172388	44
8432	16000	135
8432	54083	3169
8441	120274	17807
8441	281327	16140
8441	284014	37952
8443	274756	41932
8443	294707	1624
8444	281329	16140
8444	283136	4320
8445	281202	6328
8445	281203	6328
8447	284436	39159
8447	284448	39159
8447	285242	41641
8447	286248	26098
8447	286257	26098
8455	210777	27067
8459	285137	2151
8459	285173	2151
8459	292347	32233
8459	292348	32233
8461	258277	3441
8461	278226	9189
8461	281231	6328
8463	287645	15263
8463	294825	2488
8463	294828	2488
8464	282934	1725
8465	246940	5976
8465	246942	5976
8465	246943	5976
8465	246947	5976
8466	274557	2150
8466	285142	2151
8468	286673	35002
8468	294887	15263
8468	295198	2486
8470	279797	19734
8470	286666	35002
8470	286675	35002
8474	281187	6328
8474	281188	6328
8476	269293	41326
8479	276730	19831
8490	284268	41630
8490	284269	41630
8494	244431	3653
8494	244443	3653
8498	287357	1282
8498	287358	1282
8498	287359	1282
8499	256247	35499
8499	256253	35499
8499	256275	35499
8500	258285	3441
8500	258286	3441
8500	258287	3441
8506	287659	15263
8506	287660	15263
8506	293168	43585
8527	281131	16274
8527	281132	16274
8531	282933	1725
8534	216564	360
8534	216567	360
8536	244441	3653
8536	244442	3653
8543	280375	15202
8543	280376	15202
8544	281189	6328
8545	273050	29203
8545	287671	15263
8555	284447	39159
8555	284449	39159
8555	292519	36508
8565	290391	37669
8565	290393	37669
8565	290398	37669
8573	286306	5128
8575	290349	10615
8575	290350	10615
8575	290351	10615
8576	285176	2151
8576	300229	29886
8580	287363	1282
8580	287364	1282
8587	281197	6328
8587	295524	43864
8587	295525	43864
8587	295533	43864
8590	258290	3441
8590	258292	3441
8591	284444	39159
8591	284445	39159
8592	285135	2151
8605	276939	6098
8605	291172	43429
8605	292138	43250
8609	262281	9192
8609	283227	5773
8619	291374	981
8619	291379	981
8619	291381	981
8619	291384	981
8625	211892	5257
8625	268295	41020
8625	295957	15164
8629	261139	5162
8629	261140	5162
8630	305212	35941
8630	305213	35941
8631	249866	13010
8631	281208	6328
8631	283727	35029
8632	245697	17611
8635	295756	36183
8635	295759	36183
8635	295761	36183
8643	269254	17701
8643	298549	10446
8644	262282	9192
8644	262284	9192
8664	175359	22759
8664	292560	39592
8664	295007	9618
8666	293943	42056
8666	293945	42056
8671	285138	2151
8675	283202	2866
8675	292352	32233
8675	295195	2486
8677	246948	5976
8677	291953	19221
8677	296078	43898
8678	280914	40745
8684	293663	29809
8687	216570	360
8699	291107	38172
8705	290361	10615
8705	290363	10615
8710	286293	5128
8710	295447	22925
8713	296159	29766
8713	300047	13409
8713	302111	25953
8718	295197	2486
8718	295445	22925
8718	295446	22925
8722	296473	43790
8725	294551	1885
8725	294554	1885
8742	245707	17611
8742	245708	17611
8747	293952	42056
8753	297942	15280
8753	297946	15280
8753	297948	15280
8753	297962	15280
8753	297969	15280
8758	291168	43429
8758	291170	43429
8758	296465	43790
8765	295000	9618
8765	295003	9618
8765	295009	9618
8770	295462	22925
8770	295463	22925
8770	295465	22925
8771	294523	24354
8772	270777	38219
8772	295710	16726
8776	270778	38219
8778	246972	5976
8778	246974	5976
8778	246983	5976
8778	246984	5976
8786	276735	19831
8786	276749	19831
8791	291101	38172
8797	294123	4953
8799	270794	38219
8799	291938	19221
8803	296082	43898
8803	296085	43898
8808	283205	2866
8808	295459	22925
8820	294113	4953
8820	294114	4953
8820	294120	4953
8824	279153	2529
8825	292252	12933
8825	292253	12933
8838	298545	10446
8838	298546	10446
8842	302196	41085
8842	302201	41085
8842	302203	41085
8842	304647	10314
8846	305208	35941
8846	305209	35941
8846	305217	35941
8848	293957	42056
8848	293963	42056
8855	283228	5773
8855	283242	5773
8855	302395	21769
8867	294715	1624
8875	293959	42056
8879	300234	29886
8879	300343	29886
8887	281471	22948
8887	281472	22948
8897	294717	1624
8897	294721	1624
8897	294724	1624
8975	270782	38219
9000	282380	29885
9000	282381	29885
9022	282357	29885
9022	282383	29885
9023	296467	43790
9023	296468	43790
9026	282385	29885
9026	282386	29885
